resp_lat_mean,resp_lat_std,resp_lat_min,resp_lat_max,resp_lat_med,resp_lat_n,resp_lat_cv,overlap_ratio,interrupted_n,stop_delay_mean,stop_delay_std,stop_delay_min,stop_delay_max,stop_delay_med,stop_delay_n,silence_broken_by_caller,gap_mean,gap_std,gap_min,gap_max,gap_med,gap_n,caller_turn_mean,caller_turn_std,caller_turn_min,caller_turn_max,caller_turn_med,caller_turn_n,caller_turns,agent_turns,turn_ratio,dur,caller_turns_per_min,agent_turns_per_min,interrupted_n_per_min,silence_broken_by_caller_per_min,gap_n_per_min,resp_lat_n_per_min,anon_id,y,split
3.6215384615384614,1.0159788470984432,2.539999999999999,6.560000000000002,3.3999999999999915,13.0,0.2805378369857239,0.0,0.0,0.0,0.0,0.0,0.0,0.0,0.0,9.0,2.643529411764707,0.779690294294665,1.4400000000000013,4.359999999999999,2.6599999999999966,17.0,4.857999999999997,3.6211429135012088,0.4200000000000017,11.36,3.030000000000001,10.0,10.0,19.0,0.5263157617728547,170.0,3.5294117647058822,6.705882352941176,0.0,3.176470588235294,6.0,4.588235294117647,call_0181ce113ebe,1,train
3.4499999999999993,2.023124646019947,0.8799999999999955,8.12,3.0899999999999963,12.0,0.5864127709006308,0.08523245214220584,0.0,0.0,0.0,0.0,0.0,0.0,0.0,5.0,1.9953846153846124,0.7408582900374147,1.3199999999999932,4.020000000000003,1.8199999999999932,13.0,4.3880000000000035,6.3823331157187315,0.3200000000000074,21.64,1.7400000000000055,10.0,10.0,14.0,0.7142856632653098,128.0,4.6875,6.5625,0.0,2.34375,6.09375,5.625,call_018c9d3823ac,1,train
5.382105263157894,2.2509871026481005,2.280000000000001,9.700000000000003,5.039999999999992,19.0,0.4182353511034837,0.00899427636958295,0.0,0.0,0.0,0.0,0.0,0.0,0.0,9.0,2.943529411764706,1.5019083592959923,1.3400000000000034,6.640000000000001,2.559999999999995,17.0,7.3379999999999965,5.9258379998106605,0.47999999999998977,20.980000000000004,6.129999999999992,10.0,10.0,24.0,0.41666664930555625,216.0,2.7777777777777777,6.666666666666666,0.0,2.5,4.722222222222222,5.277777777777778,call_01bf49059daf,1,train
4.262222222222224,1.8471345843872642,2.5,8.940000000000001,3.900000000000002,18.0,0.43337349737027875,0.0,0.0,0.0,0.0,0.0,0.0,0.0,0.0,9.0,2.6458823529411757,0.8776644060736336,1.4600000000000009,5.019999999999996,2.559999999999995,17.0,2.4380000000000006,2.460933969045086,0.3999999999999915,7.600000000000001,1.1099999999999994,10.0,10.0,23.0,0.4347825897920613,149.0,4.026845637583892,9.261744966442953,0.0,3.6241610738255035,6.845637583892617,7.248322147651007,call_01c3806808d6,1,train
2.8566666666666665,1.67959320471754,1.7399999999999949,9.020000000000003,2.1300000000000026,18.0,0.5879554084348185,0.17790697674418585,0.0,0.0,0.0,0.0,0.0,0.0,0.0,8.0,1.9771428571428569,0.7906666437232568,1.0799999999999983,4.780000000000001,1.8199999999999932,21.0,1.228571428571429,1.1095099120323182,0.3400000000000034,3.8400000000000034,0.6100000000000034,14.0,14.0,20.0,0.6999999650000017,109.0,7.706422018348624,11.009174311926605,0.0,4.4036697247706424,11.559633027522937,9.908256880733944,call_0294f969f98b,1,val
3.6536363636363647,2.0260520173133516,2.0999999999999943,9.199999999999989,2.6900000000000013,22.0,0.5545301341282753,0.08137044967880007,2.0,0.45999999999999375,0.3400000000000034,0.11999999999999034,0.7999999999999972,0.45999999999999375,2.0,11.0,2.265000000000001,0.6767828307514907,1.2399999999999949,4.460000000000001,2.289999999999999,20.0,1.7512500000000015,1.4165092437043947,0.21999999999999886,5.1800000000000015,1.3700000000000045,16.0,16.0,23.0,0.6956521436672981,146.0,6.575342465753425,9.45205479452055,0.8219178082191781,4.52054794520548,8.219178082191782,9.04109589041096,call_02c249d2f89d,1,train
4.752857142857143,2.2737835949656007,2.5,9.280000000000001,3.7300000000000004,14.0,0.47840342097791577,0.0,0.0,0.0,0.0,0.0,0.0,0.0,0.0,9.0,2.6137500000000005,1.0035616261595497,1.1400000000000006,4.9,2.6499999999999986,16.0,3.305454545454546,2.5307575712220083,0.28000000000000114,8.339999999999998,3.200000000000003,11.0,11.0,14.0,0.7857142295918408,146.0,4.52054794520548,5.753424657534247,0.0,3.6986301369863015,6.575342465753425,5.753424657534247,call_02d28871d7b3,1,train
3.0872727272727185,1.627050264123226,1.5999999999999996,6.679999999999978,2.1799999999999926,11.0,0.5270184660822265,0.01620185922974775,1.0,6.760000000000005,0.0,6.760000000000005,6.760000000000005,6.760000000000005,1.0,8.0,2.5933333333333293,1.7272817437297894,1.4599999999999937,7.939999999999998,1.9399999999999977,15.0,7.530000000000003,7.244618692519295,0.4200000000000017,24.0,5.290000000000006,10.0,10.0,13.0,0.7692307100591762,174.0,3.4482758620689657,4.482758620689656,0.3448275862068966,2.7586206896551726,5.172413793103448,3.793103448275862,call_03680846967f,1,train
3.556000000000001,3.001883408795218,0.7999999999999972,9.200000000000003,1.8099999999999978,20.0,0.844173949556037,0.009744214372715998,0.0,0.0,0.0,0.0,0.0,0.0,0.0,6.0,1.4485714285714282,0.5940521519055983,1.0200000000000031,3.0999999999999943,1.149999999999995,14.0,3.283999999999998,1.8775899445832143,0.3199999999999932,5.619999999999997,4.13999999999999,10.0,10.0,32.0,0.3124999902343753,185.0,3.243243243243243,10.378378378378377,0.0,1.9459459459459458,4.54054054054054,6.486486486486486,call_04d682ac0cef,0,train
3.9894117647058804,2.3272313027140603,0.7600000000000051,9.199999999999996,3.3200000000000074,17.0,0.5833518464930353,0.03374329864396092,3.0,1.4333333333333325,0.5208539995899871,0.7000000000000028,1.8599999999999994,1.7399999999999949,3.0,11.0,2.1776470588235277,0.8015832084932958,1.1599999999999966,4.099999999999994,2.26,17.0,2.3488888888888884,1.3631807394454578,0.5,5.719999999999999,2.0,27.0,27.0,19.0,1.4210525567867074,169.0,9.585798816568047,6.745562130177515,1.0650887573964496,3.9053254437869818,6.035502958579881,6.035502958579881,call_05d6615469e1,1,train
2.185000000000001,1.946965587780122,0.5,7.079999999999998,1.0799999999999996,16.0,0.8910593577669397,0.3487445197289754,2.0,1.769999999999996,0.730000000000004,1.039999999999992,2.5,1.769999999999996,2.0,7.0,2.3066666666666658,1.453119250287311,1.1599999999999966,6.219999999999999,1.5200000000000102,15.0,1.7921428571428564,2.0757328432952766,0.28,9.34,0.8099999999999952,28.0,28.0,18.0,1.5555554691358071,146.0,11.506849315068495,7.397260273972603,0.8219178082191781,2.8767123287671237,6.164383561643836,6.575342465753425,call_0615c3630150,0,train
3.034000000000001,0.6822345637682123,2.1599999999999966,4.400000000000006,3.009999999999998,10.0,0.22486299897996476,0.06101694915254227,0.0,0.0,0.0,0.0,0.0,0.0,0.0,6.0,2.385,0.8547075523241846,1.3399999999999963,4.400000000000006,2.0899999999999963,16.0,1.9666666666666668,1.5033370288202919,0.21999999999999886,4.479999999999997,1.3900000000000006,12.0,12.0,17.0,0.7058823114186875,140.0,5.142857142857142,7.285714285714286,0.0,2.571428571428571,6.857142857142857,4.285714285714286,call_064d8dd77899,1,train
2.6985714285714266,1.6171838712618258,1.4400000000000048,8.079999999999998,2.1299999999999955,14.0,0.5992738435106344,0.09651162790697729,0.0,0.0,0.0,0.0,0.0,0.0,0.0,5.0,2.254285714285714,1.5460628072887688,1.4400000000000048,7.739999999999995,1.7600000000000051,14.0,4.300000000000001,6.129388223958408,0.20000000000000284,19.28,1.009999999999998,12.0,12.0,16.0,0.7499999531250029,133.0,5.413533834586466,7.2180451127819545,0.0,2.255639097744361,6.315789473684211,6.315789473684211,call_06b5a78ea12e,1,train
4.087692307692305,2.717119951051549,1.6599999999999966,9.28,2.9599999999999937,13.0,0.6647073903363584,0.0,0.0,0.0,0.0,0.0,0.0,0.0,0.0,8.0,1.9799999999999982,0.6062782639459658,1.019999999999996,3.3000000000000007,1.9599999999999973,15.0,2.236666666666666,2.4515278682668242,0.38000000000000966,8.879999999999995,1.2699999999999996,12.0,12.0,13.0,0.9230768520710114,115.0,6.260869565217391,6.782608695652174,0.0,4.173913043478261,7.826086956521739,6.782608695652174,call_0847d7417bb1,1,val
2.7799999999999985,2.1197753699502258,0.10000000000000142,8.32,2.8200000000000003,21.0,0.7625088515976169,0.4333034914950758,7.0,2.1885714285714255,1.4708542568514276,0.03999999999999204,4.159999999999997,2.5999999999999943,7.0,5.0,1.645333333333332,0.9061998798401063,1.0399999999999991,4.859999999999999,1.2800000000000011,15.0,1.6548148148148156,1.9012556676719188,0.259999999999998,7.560000000000002,0.740000000000002,27.0,27.0,25.0,1.0799999568000016,135.0,12.0,11.11111111111111,3.111111111111111,2.2222222222222223,6.666666666666667,9.333333333333334,call_092aef8d1243,0,train
4.269230769230768,1.7480646948882625,2.539999999999992,8.96,4.039999999999992,13.0,0.409456499290323,0.020091848450057473,2.0,0.3500000000000014,0.07000000000000028,0.28000000000000114,0.4200000000000017,0.3500000000000014,2.0,9.0,2.510588235294117,1.1745160234212872,1.1000000000000014,4.6,2.539999999999992,17.0,3.871111111111114,1.9738763016767273,0.8199999999999932,6.66,3.8200000000000216,9.0,9.0,17.0,0.5294117335640156,147.0,3.6734693877551017,6.938775510204081,0.8163265306122448,3.6734693877551017,6.938775510204081,5.3061224489795915,call_098d8081babe,1,train
3.7783333333333338,2.2407656181661557,2.1599999999999966,8.899999999999999,2.480000000000004,12.0,0.5930564689306624,0.026722925457102368,1.0,0.23999999999999488,0.0,0.23999999999999488,0.23999999999999488,0.23999999999999488,1.0,7.0,2.090769230769232,0.4646663242579648,1.2399999999999984,2.92,2.1799999999999997,13.0,2.3699999999999988,2.334544923534351,0.28000000000000114,7.880000000000003,1.3999999999999986,12.0,12.0,14.0,0.8571427959183717,101.0,7.128712871287129,8.316831683168317,0.594059405940594,4.158415841584159,7.7227722772277225,7.128712871287129,call_099dffdf8486,1,train
3.2507692307692295,2.6549299904965227,1.2000000000000028,9.539999999999992,1.4000000000000021,13.0,0.8167079805785864,0.0,0.0,0.0,0.0,0.0,0.0,0.0,0.0,7.0,1.4439999999999988,0.4818962543950716,1.1600000000000001,3.1599999999999966,1.2999999999999972,15.0,2.760000000000003,1.2291227998629148,0.960000000000008,5.119999999999997,2.6600000000000037,7.0,7.0,20.0,0.34999998250000086,117.0,3.58974358974359,10.256410256410257,0.0,3.58974358974359,7.6923076923076925,6.666666666666667,call_0a9c546208d1,0,train
2.516923076923078,2.419381308756388,0.1599999999999966,6.960000000000001,1.4399999999999977,13.0,0.9612452480942789,0.1460746460746462,3.0,3.8000000000000007,3.617881516394182,0.35999999999999943,8.8,2.240000000000002,3.0,8.0,2.2544444444444443,2.007362067275309,1.1799999999999997,9.94,1.4800000000000004,18.0,1.828235294117647,2.234531758541551,0.21999999999999886,9.38,0.9400000000000001,17.0,17.0,19.0,0.8947367950138528,129.0,7.906976744186047,8.837209302325581,1.3953488372093024,3.7209302325581395,8.372093023255815,6.046511627906977,call_0ab7d2a0c0f5,0,train
4.656249999999999,2.2849969228644493,1.8999999999999986,9.319999999999993,3.970000000000004,16.0,0.49073748877894463,0.036102484472049876,3.0,2.0666666666666695,2.133687470606277,0.2400000000000091,5.0600000000000005,0.8999999999999986,3.0,11.0,2.3011111111111098,1.0489459730229145,1.0399999999999991,4.74,2.1199999999999974,18.0,3.0305882352941182,1.9485272586003648,1.079999999999984,7.099999999999994,2.3200000000000074,17.0,17.0,19.0,0.8947367950138528,159.0,6.415094339622642,7.169811320754717,1.1320754716981132,4.150943396226415,6.7924528301886795,6.037735849056604,call_0cf2f4a71328,1,val
3.504999999999997,2.0943531220880565,0.6200000000000045,8.019999999999982,2.6099999999999994,20.0,0.5975328172768163,0.043340380549682964,3.0,3.480000000000004,2.6619291250269264,0.6400000000000148,7.039999999999992,2.760000000000005,3.0,10.0,2.2588888888888885,1.440994598219839,1.3200000000000074,7.739999999999981,1.800000000000006,18.0,5.0453333333333354,3.9850752676566694,0.47999999999998977,11.840000000000003,4.420000000000002,15.0,15.0,28.0,0.5357142665816333,209.0,4.30622009569378,8.038277511961722,0.8612440191387559,2.8708133971291865,5.167464114832536,5.741626794258373,call_0e101713ee94,1,train
3.6459999999999986,3.227618936615659,0.3799999999999999,9.699999999999989,1.7099999999999997,20.0,0.8852490541323659,0.11936560934891502,3.0,0.9600000000000005,0.9475582655787809,0.10000000000000053,2.280000000000001,0.5,3.0,3.0,1.7916666666666679,0.8287121870039622,1.0799999999999983,3.860000000000001,1.4300000000000033,12.0,1.9966666666666673,1.4721375237690562,0.28000000000000025,4.34,1.0200000000000022,12.0,12.0,27.0,0.44444442798353967,130.0,5.538461538461539,12.461538461538462,1.3846153846153848,1.3846153846153848,5.538461538461539,9.230769230769232,call_0e1e2f29bfdc,0,val
2.7576470588235273,2.5858791414635105,0.0,9.14,1.3599999999999994,17.0,0.9377118059679822,0.14640000000000056,2.0,0.40000000000000213,0.13999999999999702,0.2600000000000051,0.5399999999999991,0.40000000000000213,2.0,8.0,1.7505263157894733,0.6903963292289017,1.019999999999996,3.1200000000000045,1.5,19.0,1.5625000000000018,1.2742031823849764,0.28000000000000114,3.8800000000000026,0.8600000000000065,16.0,16.0,19.0,0.8421052188365674,136.0,7.0588235294117645,8.382352941176471,0.8823529411764706,3.5294117647058822,8.382352941176471,7.5,call_10aa0d1d33f0,0,val
5.438461538461538,2.680498937924247,2.719999999999999,9.980000000000004,3.7199999999999953,13.0,0.4928780733465384,0.005882352941176444,1.0,0.21999999999999886,0.0,0.21999999999999886,0.21999999999999886,0.21999999999999886,1.0,8.0,2.8146666666666667,0.7780476991947347,1.3000000000000043,3.799999999999997,2.9200000000000017,15.0,4.155555555555553,2.7007287539605227,0.519999999999996,9.400000000000006,3.9200000000000017,9.0,9.0,18.0,0.49999997222222375,161.0,3.3540372670807455,6.708074534161491,0.3726708074534162,2.9813664596273295,5.590062111801243,4.844720496894411,call_10ceaf16fbbf,1,train
2.467272727272728,1.7949681734787541,1.019999999999996,6.640000000000001,1.7000000000000028,11.0,0.7275107555507729,0.08708938120702864,1.0,0.9200000000000017,0.0,0.9200000000000017,0.9200000000000017,0.9200000000000017,1.0,7.0,1.9093333333333329,1.3491106535623965,1.019999999999996,6.34,1.480000000000004,15.0,2.0138461538461545,1.8430139966142343,0.2200000000000002,6.479999999999997,1.5,13.0,13.0,17.0,0.7647058373702448,123.0,6.341463414634147,8.292682926829269,0.48780487804878053,3.414634146341464,7.317073170731708,5.365853658536586,call_11d3230256a1,0,train
2.6552941176470606,1.7668520283162916,0.2600000000000051,7.34,2.0799999999999983,17.0,0.6654070263504096,0.06638846737481019,1.0,1.5200000000000014,0.0,1.5200000000000014,1.5200000000000014,1.5200000000000014,1.0,8.0,1.6858823529411764,0.44546154285097356,1.0999999999999943,2.520000000000003,1.4800000000000004,17.0,3.295,3.4310967634271123,0.3400000000000034,13.840000000000003,2.1500000000000004,16.0,16.0,24.0,0.66666663888889,157.0,6.114649681528662,9.171974522292993,0.38216560509554137,3.057324840764331,6.496815286624204,6.496815286624204,call_120d6007bcc1,1,val
1.6410526315789473,1.3538634570693637,0.14000000000000057,5.54,1.1600000000000001,19.0,0.8249964723984906,0.4682451253481896,8.0,1.9050000000000005,2.021379479464457,0.259999999999998,6.359999999999999,1.049999999999999,8.0,10.0,1.9399999999999986,0.7231873892705805,1.1199999999999974,3.6199999999999903,1.7799999999999976,16.0,1.595555555555555,1.6201612478811496,0.2400000000000002,6.740000000000009,0.8400000000000034,45.0,45.0,22.0,2.0454544524793428,131.0,20.610687022900766,10.076335877862597,3.6641221374045805,4.580152671755726,7.328244274809161,8.70229007633588,call_1612f093f8b5,0,train
2.0085714285714276,2.248310022924701,0.03999999999999915,8.36,1.009999999999998,14.0,1.119357206612551,0.11139401654996813,2.0,0.40000000000000013,0.24000000000000044,0.1599999999999997,0.6400000000000006,0.40000000000000013,2.0,5.0,2.2446153846153822,1.0519185065292358,1.1999999999999957,5.059999999999999,1.8799999999999955,13.0,2.0946666666666673,2.173015927742413,0.38000000000000966,8.68,1.240000000000009,15.0,15.0,14.0,1.0714284948979647,102.0,8.823529411764707,8.23529411764706,1.1764705882352942,2.9411764705882355,7.647058823529412,8.23529411764706,call_16581bcbc272,0,train
3.205000000000002,2.677674675285753,0.5600000000000023,8.460000000000008,2.0500000000000043,12.0,0.8354676567295147,0.3655933107987899,12.0,6.691666666666666,7.050742080723767,0.0799999999999983,25.120000000000005,5.309999999999995,12.0,13.0,3.754117647058822,2.3594292899755387,1.1599999999999966,8.240000000000009,2.859999999999985,17.0,3.122777777777778,6.891083051109161,0.20000000000000284,40.08,0.8900000000000006,36.0,36.0,17.0,2.1176469342560624,164.0,13.170731707317072,6.219512195121951,4.390243902439025,4.7560975609756095,6.219512195121951,4.390243902439025,call_1761edbd6952,0,train
3.7837500000000017,2.15575066682119,0.0,8.340000000000003,3.1299999999999955,16.0,0.5697390411845782,0.04970178926441373,0.0,0.0,0.0,0.0,0.0,0.0,0.0,8.0,2.825,2.053174371552499,1.2800000000000011,10.219999999999999,2.5199999999999996,16.0,1.8862500000000009,1.603585338390197,0.259999999999998,5.960000000000001,1.4100000000000072,16.0,16.0,18.0,0.8888888395061756,142.0,6.76056338028169,7.605633802816901,0.0,3.380281690140845,6.76056338028169,6.76056338028169,call_181a5049ecae,1,val
2.644210526315788,2.0817156785221624,0.6000000000000014,7.480000000000004,1.7799999999999998,19.0,0.7872727494772863,0.14493712772998033,1.0,1.0,0.0,1.0,1.0,1.0,1.0,7.0,1.5377777777777792,0.6312206477713164,1.039999999999992,3.200000000000003,1.3400000000000034,18.0,1.6788888888888884,1.6397760310782594,0.26000000000000156,6.680000000000007,1.2899999999999991,18.0,18.0,23.0,0.7826086616257103,135.0,8.0,10.222222222222221,0.4444444444444444,3.111111111111111,8.0,8.444444444444445,call_185e958a253b,0,val
4.105333333333333,2.392538029420268,1.7600000000000016,9.299999999999997,2.980000000000004,15.0,0.5827876209725512,0.11393939393939415,0.0,0.0,0.0,0.0,0.0,0.0,0.0,5.0,2.110666666666667,0.7220292391740257,1.4399999999999995,4.219999999999999,1.9599999999999973,15.0,1.4999999999999993,1.3664818795991147,0.3199999999999932,4.1800000000000015,0.7600000000000051,11.0,11.0,20.0,0.5499999725000013,117.0,5.641025641025641,10.256410256410257,0.0,2.5641025641025643,7.6923076923076925,7.6923076923076925,call_186e9d6ee732,1,train
2.6344444444444415,1.7865771812858646,0.12000000000000455,7.019999999999982,2.0500000000000007,18.0,0.6781606296131224,0.09988584474885831,3.0,0.2666666666666657,0.07363574011458424,0.1799999999999926,0.35999999999999943,0.2600000000000051,3.0,18.0,2.4446153846153837,2.0295380883518823,1.079999999999984,10.02000000000001,1.7399999999999949,26.0,1.7520000000000002,2.090343512440001,0.23999999999999488,9.62,0.539999999999992,40.0,40.0,18.0,2.222222098765439,196.0,12.244897959183673,5.510204081632653,0.9183673469387755,5.510204081632653,7.959183673469388,5.510204081632653,call_189410107163,1,train
3.5184615384615365,1.3178411609309333,1.96,6.3,3.0600000000000023,13.0,0.3745502890893831,0.05596382136800434,2.0,2.5799999999999983,1.5799999999999983,1.0,4.159999999999997,2.5799999999999983,2.0,8.0,2.4325,0.9596320909598632,1.2800000000000011,4.780000000000001,2.3399999999999963,16.0,2.948333333333333,2.0540927978604633,0.2599999999999909,5.859999999999999,2.960000000000001,12.0,12.0,16.0,0.7499999531250029,141.0,5.106382978723404,6.808510638297872,0.851063829787234,3.404255319148936,6.808510638297872,5.531914893617021,call_18bd3c505fd5,1,train
3.130000000000001,2.518299690929047,0.8399999999999892,9.079999999999998,1.7899999999999991,18.0,0.804568334300547,0.05984555984556011,0.0,0.0,0.0,0.0,0.0,0.0,0.0,5.0,1.7986666666666653,0.908873784172233,1.0200000000000102,4.060000000000002,1.539999999999992,15.0,2.825454545454547,2.469686633181566,0.35999999999999943,6.719999999999999,1.0600000000000023,11.0,11.0,21.0,0.5238094988662143,128.0,5.15625,9.84375,0.0,2.34375,7.03125,8.4375,call_198ef413fe4a,0,val
3.567272727272726,1.7700389872906552,2.259999999999998,8.22,2.759999999999998,11.0,0.4961881600949911,0.0,0.0,0.0,0.0,0.0,0.0,0.0,0.0,8.0,2.2257142857142855,0.7342412437895538,1.1600000000000037,3.8200000000000003,2.3899999999999935,14.0,3.8400000000000003,3.0120941404795287,0.5,10.139999999999999,2.960000000000008,9.0,9.0,12.0,0.7499999375000053,140.0,3.8571428571428568,5.142857142857142,0.0,3.4285714285714284,6.0,4.714285714285714,call_1a2f3635b411,1,train
2.988235294117647,1.7801395691948274,0.040000000000020464,6.540000000000001,2.3400000000000034,17.0,0.5957157982114861,0.038735403019083264,2.0,1.1200000000000045,0.6200000000000045,0.5,1.740000000000009,1.1200000000000045,2.0,8.0,2.090588235294118,0.4899035990194197,1.1799999999999997,3.1000000000000227,2.1800000000000006,17.0,4.681333333333334,4.242492768277733,0.37999999999999545,14.019999999999996,2.880000000000024,15.0,15.0,20.0,0.7499999625000018,178.0,5.056179775280898,6.741573033707865,0.6741573033707865,2.696629213483146,5.730337078651685,5.730337078651685,call_1ad99899456c,1,train
4.8557894736842115,2.414217353380363,1.9400000000000004,9.46,4.059999999999999,19.0,0.4971831808773732,0.0025334781035106857,1.0,0.14000000000000057,0.0,0.14000000000000057,0.14000000000000057,0.14000000000000057,1.0,8.0,2.1614285714285706,0.6878730898611346,1.0200000000000031,3.3000000000000114,2.2099999999999937,14.0,6.907500000000003,5.194987367645854,0.5,15.540000000000006,5.400000000000009,8.0,8.0,23.0,0.34782607183364905,162.0,2.962962962962963,8.518518518518517,0.37037037037037035,2.962962962962963,5.185185185185185,7.037037037037036,call_1ba56b3cce45,1,train
3.357500000000001,2.46340085045045,0.700000000000017,7.8799999999999955,1.7699999999999947,16.0,0.7337007049142947,0.0,0.0,0.0,0.0,0.0,0.0,0.0,0.0,8.0,1.6277777777777782,0.5227337919858909,1.0200000000000102,3.1599999999999966,1.4800000000000004,18.0,3.4116666666666653,1.7032999018245636,1.3199999999999932,7.240000000000009,2.980000000000004,12.0,12.0,22.0,0.5454545206611581,164.0,4.390243902439025,8.048780487804878,0.0,2.926829268292683,6.585365853658536,5.853658536585366,call_1bf0aa4d4324,0,train
2.5767999999999995,2.352263114534595,0.09999999999999432,9.11999999999999,1.3799999999999955,25.0,0.9128617671813211,0.2204234122042344,2.0,0.4100000000000108,0.19000000000001194,0.21999999999999886,0.6000000000000227,0.4100000000000108,2.0,9.0,1.658260869565217,0.546702782091942,1.0799999999999983,3.1199999999999903,1.4800000000000004,23.0,1.2353846153846173,1.1529001249999284,0.20000000000001705,4.060000000000002,0.6899999999999986,26.0,26.0,27.0,0.9629629272976693,145.0,10.758620689655173,11.172413793103448,0.8275862068965518,3.724137931034483,9.517241379310345,10.344827586206897,call_1c1c0cce9fb5,0,val
2.37142857142857,1.7619099099023896,0.5199999999999996,6.359999999999999,1.88,7.0,0.7429737450903926,0.1168988491823134,4.0,1.2949999999999988,1.6290718216211335,0.1599999999999966,4.099999999999998,0.4600000000000004,4.0,13.0,4.401333333333332,3.4242310410108456,1.1000000000000014,12.759999999999998,3.8200000000000003,15.0,1.320800000000001,1.550818932048483,0.23999999999999488,6.399999999999999,0.8000000000000114,25.0,25.0,8.0,3.124999609375049,118.0,12.711864406779661,4.067796610169491,2.0338983050847457,6.610169491525424,7.627118644067797,3.5593220338983054,call_1cc930924760,1,train
2.6738461538461533,1.3547951219594818,1.5799999999999983,6.02,2.0,13.0,0.5066838319500417,0.09243697478991614,2.0,0.5300000000000011,0.3100000000000023,0.21999999999999886,0.8400000000000034,0.5300000000000011,2.0,8.0,1.6785714285714277,0.30420522074174067,1.0399999999999991,2.4000000000000057,1.6100000000000008,14.0,3.094000000000001,2.509853382171953,0.4200000000000017,8.639999999999999,2.3500000000000014,10.0,10.0,13.0,0.7692307100591762,105.0,5.714285714285714,7.428571428571429,1.1428571428571428,4.571428571428571,8.0,7.428571428571429,call_1ee2936b46a7,1,train
1.9888888888888863,1.8810070851331167,0.5,6.519999999999996,1.0499999999999972,18.0,0.9457572767811498,0.06748466257668752,3.0,0.6266666666666675,0.24997777679003524,0.28000000000000114,0.8599999999999994,0.740000000000002,3.0,3.0,1.913846153846154,0.9814395899081408,1.1599999999999966,4.940000000000012,1.5,13.0,2.402105263157896,2.0424020402905048,0.240000000000002,6.819999999999993,1.7000000000000028,19.0,19.0,18.0,1.0555554969135834,143.0,7.9720279720279725,7.5524475524475525,1.2587412587412588,1.2587412587412588,5.454545454545455,7.5524475524475525,call_224586045e67,0,train
4.833103448275858,3.015460282185187,0.2799999999999998,9.840000000000003,4.3799999999999955,29.0,0.6239178802065637,0.06429391504018366,2.0,0.46000000000000285,0.05999999999999717,0.4000000000000057,0.52,0.46000000000000285,2.0,11.0,2.6872000000000003,1.4870736901714048,1.259999999999998,6.280000000000001,1.980000000000004,25.0,1.935555555555555,1.4534794354017528,0.2599999999999909,5.580000000000002,1.8400000000000016,18.0,18.0,34.0,0.5294117491349486,205.0,5.2682926829268295,9.951219512195122,0.5853658536585367,3.2195121951219514,7.317073170731708,8.487804878048781,call_22d0f235a47e,0,train
2.2373333333333343,1.9020110993951163,0.37999999999999545,7.659999999999997,1.4000000000000057,15.0,0.8501237705324842,0.08403361344537834,2.0,1.2700000000000045,0.33000000000000407,0.9400000000000004,1.6000000000000085,1.2700000000000045,2.0,12.0,2.150000000000001,2.5860072183451708,1.0799999999999983,14.319999999999993,1.4499999999999957,24.0,2.1155555555555563,2.1863674140308165,0.23999999999999488,9.739999999999998,1.5199999999999991,18.0,18.0,17.0,1.0588234671280312,160.0,6.75,6.375,0.75,4.5,9.0,5.625,call_22eacbc23d18,0,train
3.2499999999999987,2.6650379495848213,0.7599999999999909,9.180000000000003,2.0999999999999974,22.0,0.8200114244841225,0.07057920981971592,1.0,5.68,0.0,5.68,5.68,5.68,1.0,4.0,2.2450000000000028,1.4654265590605358,1.2399999999999993,6.940000000000005,1.6700000000000017,16.0,3.2587499999999974,3.105257386675057,0.21999999999999886,11.3,1.7999999999999972,16.0,16.0,29.0,0.5517241189060649,202.0,4.752475247524752,8.613861386138614,0.297029702970297,1.188118811881188,4.752475247524752,6.534653465346534,call_23991b635849,0,train
2.988333333333331,2.387724974856935,0.17999999999999972,9.659999999999997,2.1899999999999977,24.0,0.7990153404935626,0.19318181818181818,2.0,0.15000000000000036,0.009999999999999787,0.14000000000000057,0.16000000000000014,0.15000000000000036,2.0,13.0,2.7069565217391314,1.682674979033729,1.0799999999999983,8.299999999999997,2.1599999999999966,23.0,1.0057142857142853,0.9077516517332745,0.21999999999999886,3.9200000000000017,0.7399999999999807,35.0,35.0,25.0,1.3999999440000022,155.0,13.548387096774192,9.67741935483871,0.7741935483870968,5.032258064516129,8.903225806451612,9.29032258064516,call_24e1989c4d6d,1,train
4.903749999999999,2.4914375243019853,2.519999999999996,9.700000000000001,3.9599999999999964,16.0,0.5080677065988843,0.10438596491228042,2.0,0.519999999999996,0.35999999999999943,0.1599999999999966,0.8799999999999955,0.519999999999996,2.0,8.0,2.5124999999999975,1.0760314818814547,1.2800000000000011,5.399999999999999,2.239999999999995,16.0,2.0727272727272745,1.7990355542956438,0.4200000000000017,6.099999999999998,1.2800000000000011,11.0,11.0,24.0,0.4583333142361119,138.0,4.782608695652175,10.434782608695652,0.8695652173913044,3.4782608695652177,6.9565217391304355,6.9565217391304355,call_253156878935,1,train
5.373333333333333,2.4574512541791482,2.4599999999999937,9.879999999999995,4.370000000000008,18.0,0.4573419597091542,0.02629346904156083,2.0,1.7999999999999972,0.9999999999999858,0.8000000000000114,2.799999999999983,1.7999999999999972,2.0,10.0,2.6599999999999975,1.3472638939717803,1.0999999999999943,5.319999999999993,2.66,20.0,4.716000000000001,2.469069460343309,0.9000000000000057,9.36,4.980000000000004,10.0,10.0,28.0,0.35714284438775556,210.0,2.857142857142857,8.0,0.5714285714285714,2.857142857142857,5.714285714285714,5.142857142857143,call_26be2ced1f65,1,train
5.533333333333337,1.9523068975502331,2.6600000000000037,9.779999999999994,5.219999999999999,15.0,0.3528264839862195,0.027044854881266123,2.0,3.5099999999999927,1.8700000000000063,1.6399999999999864,5.379999999999999,3.5099999999999927,2.0,9.0,3.384705882352944,1.7796170032343164,1.4000000000000057,7.700000000000003,2.9399999999999977,17.0,2.5266666666666637,1.6155975846588648,0.4200000000000159,6.800000000000004,1.819999999999995,24.0,24.0,19.0,1.263157828254851,191.0,7.539267015706807,5.968586387434556,0.6282722513089005,2.8272251308900525,5.340314136125655,4.712041884816754,call_2741c273bfcc,1,train
4.034999999999999,2.3805759107129245,2.0799999999999983,9.0,2.5799999999999947,12.0,0.5899814921267491,0.019743336623889544,1.0,0.8599999999999994,0.0,0.8599999999999994,0.8599999999999994,0.8599999999999994,1.0,8.0,2.466666666666667,0.7337816811256304,1.259999999999998,4.420000000000002,2.319999999999993,15.0,1.8418181818181816,0.9477419881133559,0.4000000000000057,3.479999999999997,1.6599999999999984,11.0,11.0,16.0,0.6874999570312527,134.0,4.925373134328358,7.164179104477612,0.44776119402985076,3.582089552238806,6.716417910447761,5.3731343283582085,call_290aacdf95ca,1,train
3.3700000000000006,2.1442869832806113,1.460000000000008,7.84,2.200000000000003,18.0,0.6362867498498104,0.006670087224217308,1.0,1.3799999999999955,0.0,1.3799999999999955,1.3799999999999955,1.3799999999999955,1.0,11.0,1.8644444444444437,0.37997400820790334,1.2399999999999984,2.739999999999995,1.8100000000000023,18.0,2.598666666666669,1.864553089140188,0.6000000000000085,7.0,2.0799999999999983,15.0,15.0,22.0,0.6818181508264477,163.0,5.521472392638037,8.098159509202453,0.36809815950920244,4.049079754601227,6.625766871165644,6.625766871165644,call_29a23dea3118,1,train
2.72166666666667,2.8023794453206303,0.03999999999999915,9.800000000000011,1.3399999999999999,24.0,1.0296552660129923,0.24715521165225227,1.0,0.6199999999999992,0.0,0.6199999999999992,0.6199999999999992,0.6199999999999992,1.0,13.0,2.1500000000000004,1.6212649382503788,1.0200000000000102,6.700000000000017,1.3300000000000018,26.0,1.2554285714285693,1.2387836035105295,0.23999999999999488,4.200000000000003,0.6400000000000006,35.0,35.0,26.0,1.3461537943787,161.0,13.043478260869566,9.689440993788821,0.3726708074534162,4.844720496894411,9.689440993788821,8.944099378881988,call_29e423c5b8aa,0,train
3.0222222222222217,1.0572687851017912,2.1400000000000006,5.859999999999999,2.780000000000001,9.0,0.3498314675526807,0.01827040194884299,1.0,1.7199999999999989,0.0,1.7199999999999989,1.7199999999999989,1.7199999999999989,1.0,7.0,2.628333333333334,1.4012722393913648,1.3200000000000003,6.860000000000003,2.3199999999999994,12.0,5.473333333333334,4.621062888797581,0.29999999999999716,16.980000000000004,3.8000000000000043,9.0,9.0,10.0,0.8999999100000091,140.0,3.8571428571428568,4.285714285714286,0.42857142857142855,3.0,5.142857142857142,3.8571428571428568,call_29f2b21b3d8a,1,train
3.606086956521741,2.805760749554908,1.0799999999999983,9.719999999999999,1.980000000000004,23.0,0.7780622057430929,0.04454342984409797,1.0,1.4399999999999977,0.0,1.4399999999999977,1.4399999999999977,1.4399999999999977,1.0,12.0,1.7383333333333308,0.6016620498437822,1.1799999999999997,3.200000000000003,1.5499999999999945,24.0,2.494444444444446,1.9117857336422475,0.28000000000000114,8.499999999999998,1.9899999999999949,18.0,18.0,27.0,0.6666666419753096,188.0,5.74468085106383,8.617021276595745,0.3191489361702128,3.8297872340425534,7.659574468085107,7.340425531914894,call_29fddbedd6a4,0,train
3.3569999999999993,2.264184400617582,0.480000000000004,8.599999999999994,2.549999999999997,20.0,0.6744664063601954,0.05798889574336811,1.0,0.839999999999975,0.0,0.839999999999975,0.839999999999975,0.839999999999975,1.0,9.0,2.3269999999999977,1.5382363277468127,1.1799999999999926,8.34,1.8399999999999999,20.0,1.621,1.3655105272388046,0.21999999999999886,6.0600000000000005,1.5200000000000031,20.0,20.0,24.0,0.8333332986111125,162.0,7.4074074074074066,8.888888888888888,0.37037037037037035,3.333333333333333,7.4074074074074066,7.4074074074074066,call_2a34be1bd407,0,train
3.045999999999999,2.198636850414364,1.4,7.759999999999991,1.950000000000001,10.0,0.7218109417608085,0.05973451327433606,0.0,0.0,0.0,0.0,0.0,0.0,0.0,4.0,2.7381818181818165,2.846157914809552,1.3399999999999892,11.619999999999997,1.8000000000000007,11.0,3.0133333333333323,4.524329293448428,0.3799999999999999,13.079999999999998,1.0399999999999991,6.0,6.0,19.0,0.31578945706371275,115.0,3.1304347826086953,9.91304347826087,0.0,2.0869565217391304,5.739130434782608,5.217391304347826,call_2cd6a0b37e59,1,train
3.348571428571428,2.457800576423845,1.0600000000000023,8.379999999999995,1.8999999999999986,14.0,0.7339845945851005,0.037231253277398894,1.0,0.27999999999999403,0.0,0.27999999999999403,0.27999999999999403,0.27999999999999403,1.0,7.0,1.4546666666666654,0.2567973693184737,1.0600000000000023,1.9599999999999937,1.4599999999999937,15.0,3.467272727272729,2.294028179699674,0.5,8.480000000000004,2.719999999999999,11.0,11.0,23.0,0.4782608487712674,150.0,4.4,9.2,0.4,2.8,6.0,5.6,call_2d2c74bdeb7b,0,train
2.098181818181817,1.2201178645138302,0.5199999999999818,3.980000000000004,2.1399999999999864,11.0,0.5815117033372359,0.19334186939820788,1.0,0.2600000000000051,0.0,0.2600000000000051,0.2600000000000051,0.2600000000000051,1.0,25.0,2.930000000000002,1.660680583375384,1.0200000000000102,6.3999999999999915,2.210000000000001,30.0,1.0649999999999977,1.0611582437044076,0.20000000000000284,4.339999999999996,0.6799999999999784,44.0,44.0,11.0,3.9999996363636696,172.0,15.348837209302326,3.8372093023255816,0.3488372093023256,8.720930232558139,10.465116279069766,3.8372093023255816,call_2d4374d86df7,1,val
3.496000000000001,2.2847225943937564,1.5999999999999979,8.14,1.9399999999999977,15.0,0.653524582628482,0.04992033988316525,1.0,0.7600000000000051,0.0,0.7600000000000051,0.7600000000000051,0.7600000000000051,1.0,7.0,2.2693333333333356,1.191634545021624,1.3000000000000114,5.880000000000003,1.8800000000000097,15.0,3.7659999999999982,3.1441125934037406,0.4200000000000017,9.439999999999998,3.309999999999995,10.0,10.0,18.0,0.5555555246913597,128.0,4.6875,8.4375,0.46875,3.28125,7.03125,7.03125,call_30c4f6565eec,1,train
4.437500000000002,2.7069528533020297,0.6000000000000014,9.379999999999995,3.299999999999999,16.0,0.6100174069373795,0.0369206598586016,2.0,1.349999999999997,0.570000000000003,0.779999999999994,1.92,1.349999999999997,2.0,8.0,2.5057142857142862,1.2545330052352106,1.3000000000000007,6.359999999999999,2.309999999999995,14.0,1.5912499999999985,0.7237046617923666,0.4400000000000013,2.980000000000004,1.4900000000000002,16.0,16.0,17.0,0.9411764152249167,132.0,7.2727272727272725,7.727272727272727,0.9090909090909091,3.6363636363636362,6.363636363636363,7.2727272727272725,call_312805f2b67f,1,train
2.5231578947368436,2.2975892460338323,0.03999999999999204,9.160000000000004,1.7199999999999989,19.0,0.9106002998172109,0.32102376599634375,3.0,1.5733333333333317,1.1466279063216442,0.5799999999999983,3.1799999999999997,0.9599999999999973,3.0,11.0,1.6169999999999987,0.758083768458342,1.039999999999992,4.580000000000005,1.4100000000000001,20.0,1.4783783783783782,1.887147874458451,0.21999999999999886,10.400000000000006,0.6799999999999997,37.0,37.0,22.0,1.6818181053719041,140.0,15.857142857142856,9.428571428571429,1.2857142857142856,4.714285714285714,8.571428571428571,8.142857142857142,call_3332ecee2806,0,train
2.5749999999999984,2.064176591282829,0.21999999999999886,6.97999999999999,1.4000000000000026,16.0,0.8016216658878309,0.1533852606351107,1.0,1.0599999999999996,0.0,1.0599999999999996,1.0599999999999996,1.0599999999999996,1.0,7.0,1.9447058823529422,0.9487708311101272,1.0600000000000023,4.079999999999998,1.5800000000000054,17.0,2.0862500000000006,1.9255222505855374,0.2999999999999998,6.199999999999996,1.4500000000000008,16.0,16.0,20.0,0.799999960000002,147.0,6.530612244897958,8.16326530612245,0.4081632653061224,2.8571428571428568,6.938775510204081,6.530612244897958,call_349b9fddaff0,0,train
2.014782608695653,1.949012837232619,0.23999999999999488,8.96,1.240000000000009,23.0,0.9673559129729007,0.451720310765816,12.0,1.233333333333331,0.35349053106915845,0.8200000000000003,2.019999999999996,1.1899999999999977,12.0,16.0,2.209999999999999,1.4021379779076313,1.0600000000000023,6.759999999999991,1.8800000000000097,22.0,2.002222222222223,2.6414765257960475,0.19999999999998863,12.279999999999987,0.8400000000000034,63.0,63.0,25.0,2.519999899200004,223.0,16.95067264573991,6.726457399103139,3.2286995515695067,4.304932735426009,5.9192825112107625,6.188340807174888,call_34f4c668dbe8,0,train
2.843333333333332,2.2789008071631573,0.5,7.620000000000001,1.589999999999998,12.0,0.8014888648326941,0.24433388612493057,2.0,2.369999999999999,2.110000000000001,0.259999999999998,4.48,2.369999999999999,2.0,6.0,2.8446153846153837,1.6217967974043503,1.519999999999996,6.299999999999997,2.0,13.0,1.9042105263157891,2.8070106140265354,0.23999999999999488,11.820000000000007,0.7199999999999989,19.0,19.0,13.0,1.4615383491124347,99.0,11.515151515151516,7.878787878787879,1.2121212121212122,3.6363636363636367,7.878787878787879,7.272727272727273,call_35966c559fcc,0,train
2.383703703703703,2.354526213484632,0.04000000000000625,8.400000000000006,1.3599999999999994,27.0,0.9877591841918445,0.34069192751235566,6.0,1.7533333333333345,1.3631662489301208,0.4200000000000017,4.519999999999996,1.2300000000000022,6.0,8.0,1.9826666666666655,1.1067758982237046,1.039999999999992,5.199999999999999,1.5199999999999996,15.0,1.3795454545454537,1.7503012137466445,0.20000000000000284,8.14,0.6199999999999974,44.0,44.0,28.0,1.5714285153061245,159.0,16.60377358490566,10.566037735849058,2.2641509433962264,3.018867924528302,5.660377358490567,10.18867924528302,call_36640e327eaf,0,train
3.6871428571428555,1.4948599006090786,2.1599999999999966,7.6000000000000005,3.2700000000000005,14.0,0.40542489214604066,0.021320852834113366,2.0,1.2800000000000011,0.0799999999999983,1.2000000000000028,1.3599999999999994,1.2800000000000011,2.0,9.0,2.333333333333331,0.8167469348308295,1.1400000000000006,3.519999999999996,2.5,15.0,3.2050000000000005,1.6130121925556957,0.8200000000000074,5.980000000000004,2.820000000000001,12.0,12.0,18.0,0.6666666296296316,142.0,5.070422535211268,7.605633802816901,0.8450704225352113,3.8028169014084505,6.338028169014084,5.915492957746479,call_36d72e4b1aef,1,val
3.0228571428571454,1.6492917465706696,1.740000000000001,6.200000000000017,2.150000000000002,14.0,0.545606729997522,0.0467055879899916,1.0,7.0600000000000005,0.0,7.0600000000000005,7.0600000000000005,7.0600000000000005,1.0,9.0,2.7305882352941193,1.8994007432321927,1.1799999999999926,7.800000000000001,1.8599999999999994,17.0,3.689230769230768,3.4991833366756633,0.3400000000000034,11.819999999999993,3.280000000000001,13.0,13.0,17.0,0.7647058373702448,149.0,5.23489932885906,6.845637583892617,0.40268456375838924,3.6241610738255035,6.845637583892617,5.6375838926174495,call_373750027ccd,1,train
2.1816666666666666,1.1094881202107976,0.0,4.259999999999998,2.289999999999999,12.0,0.508550471349271,0.23587570621468884,4.0,0.29499999999999993,0.07794228634059686,0.17999999999999972,0.3999999999999915,0.30000000000000426,4.0,16.0,2.864761904761905,1.4309358211544763,1.1200000000000045,5.8799999999999955,2.4200000000000017,21.0,1.1800000000000006,1.284743813632378,0.20000000000000284,4.640000000000001,0.7100000000000009,24.0,24.0,13.0,1.8461537041420228,116.0,12.413793103448276,6.724137931034483,2.0689655172413794,8.275862068965518,10.862068965517242,6.206896551724138,call_374f870c8124,1,train
4.764285714285714,1.5333656459180347,3.259999999999998,8.6,4.290000000000001,14.0,0.3218457951575915,0.09060402684563762,1.0,1.3200000000000074,0.0,1.3200000000000074,1.3200000000000074,1.3200000000000074,1.0,4.0,2.7357142857142853,1.0355448137210144,1.2199999999999989,5.18,2.6300000000000097,14.0,4.172,3.977367973924465,0.23999999999999488,11.14,2.2200000000000024,10.0,10.0,23.0,0.4347825897920613,143.0,4.195804195804196,9.65034965034965,0.4195804195804196,1.6783216783216783,5.874125874125874,5.874125874125874,call_37e63dcc8185,1,train
5.450000000000001,2.3480890575577043,2.3799999999999955,9.72,4.950000000000001,18.0,0.43084194985610164,0.021158690176322506,1.0,1.5999999999999943,0.0,1.5999999999999943,1.5999999999999943,1.5999999999999943,1.0,8.0,2.944,1.3032103948838563,1.3999999999999986,6.480000000000004,2.6400000000000006,15.0,3.308333333333333,2.1596521067575263,0.6000000000000014,8.299999999999999,2.6600000000000037,12.0,12.0,26.0,0.4615384437869829,165.0,4.363636363636363,9.454545454545455,0.36363636363636365,2.909090909090909,5.454545454545454,6.545454545454546,call_387c5493a07f,1,train
4.566153846153845,1.6584030245136356,3.0999999999999943,8.98,4.240000000000009,13.0,0.36319465291689323,0.012310606060606185,2.0,1.7100000000000044,1.2499999999999964,0.46000000000000796,2.960000000000001,1.7100000000000044,2.0,9.0,2.9959999999999964,1.3668299089499059,1.259999999999991,6.439999999999998,3.1200000000000045,15.0,3.3347368421052646,2.187195677288138,0.4200000000000017,7.420000000000002,3.0999999999999943,19.0,19.0,18.0,1.0555554969135834,192.0,5.9375,5.625,0.625,2.8125,4.6875,4.0625,call_39880aff21ed,1,train
2.438461538461539,2.061626863776221,0.6800000000000068,6.880000000000003,1.1400000000000148,13.0,0.8454617740721705,0.042875989445909916,4.0,0.7049999999999974,0.7269628601242295,0.13999999999999702,1.9399999999999977,0.36999999999999744,4.0,8.0,2.31692307692308,1.8733408438294834,1.0399999999999991,7.780000000000001,1.4400000000000004,13.0,2.526666666666666,2.29764130263093,0.23999999999999488,9.26,1.7900000000000027,24.0,24.0,18.0,1.3333332592592633,167.0,8.622754491017965,6.467065868263473,1.437125748502994,2.874251497005988,4.6706586826347305,4.6706586826347305,call_3adbf4ac0f30,0,train
2.5753846153846163,2.3756994609996624,0.8999999999999986,7.340000000000003,1.4399999999999977,13.0,0.9224635902320468,0.09946714031971583,0.0,0.0,0.0,0.0,0.0,0.0,0.0,9.0,1.7378947368421065,1.2056515117839963,1.0599999999999987,6.4,1.3599999999999994,19.0,2.047272727272727,1.2559754695714762,0.3999999999999986,4.880000000000001,1.6000000000000014,11.0,11.0,14.0,0.7857142295918408,123.0,5.365853658536586,6.829268292682928,0.0,4.390243902439025,9.26829268292683,6.341463414634147,call_3b1bf9fab29d,0,train
2.8284615384615384,2.57404902874185,0.0,9.240000000000002,1.590000000000002,26.0,0.9100523672277202,0.2926997245179059,3.0,0.659999999999996,0.5413563213509843,0.19999999999998863,1.42,0.35999999999999943,3.0,12.0,1.5432000000000006,0.6099883277571803,1.039999999999992,3.880000000000001,1.3199999999999932,25.0,1.1615999999999993,0.8711908172151513,0.3400000000000034,3.0200000000000102,0.7199999999999989,25.0,25.0,27.0,0.9259258916323744,156.0,9.615384615384615,10.384615384615385,1.1538461538461537,4.615384615384615,9.615384615384615,10.0,call_3b9afdd4a2df,0,val
3.522222222222224,2.995598417101867,0.10000000000000853,9.860000000000014,2.0200000000000102,27.0,0.8504851135504974,0.2137110877929345,2.0,1.7499999999999982,0.45000000000000107,1.2999999999999972,2.1999999999999993,1.7499999999999982,2.0,5.0,1.7350000000000005,0.8586937754519943,1.0599999999999987,4.9,1.5299999999999976,20.0,2.2871999999999986,1.8921554270196708,0.28000000000000114,7.160000000000011,1.5600000000000023,25.0,25.0,36.0,0.6944444251543216,212.0,7.0754716981132075,10.18867924528302,0.5660377358490566,1.4150943396226416,5.660377358490567,7.6415094339622645,call_3ca96b2dd5c4,0,train
3.9526315789473667,2.493724422594621,1.7400000000000002,9.659999999999997,2.9599999999999937,19.0,0.6309021576851773,0.04698972099853169,2.0,1.4399999999999977,0.37999999999999545,1.0600000000000023,1.8199999999999932,1.4399999999999977,2.0,10.0,2.3837499999999996,1.2038317729234431,1.019999999999996,6.399999999999999,2.0900000000000034,16.0,2.9185714285714295,2.931673966336973,0.28000000000000114,11.06,1.8700000000000045,14.0,14.0,19.0,0.7368420664819965,139.0,6.043165467625899,8.201438848920862,0.8633093525179856,4.316546762589928,6.906474820143885,8.201438848920862,call_3cd08cbaf55c,1,train
3.4158333333333335,2.843530547087937,0.480000000000004,8.439999999999998,2.190000000000002,24.0,0.8324556373649084,0.0855332629355862,3.0,0.7333333333333343,0.4631294515455586,0.3200000000000003,1.3800000000000026,0.5,3.0,4.0,1.641333333333335,0.5601174480013563,1.0399999999999991,3.1799999999999926,1.4599999999999973,15.0,2.2282352941176446,1.8323505806801907,0.28000000000000114,7.559999999999999,1.3799999999999955,17.0,17.0,25.0,0.679999972800001,146.0,6.986301369863014,10.273972602739727,1.2328767123287672,1.6438356164383563,6.164383561643836,9.863013698630137,call_3d69be34ef44,0,train
2.263529411764705,2.067612835462734,0.46000000000000796,7.360000000000003,1.3599999999999994,17.0,0.9134460154439767,0.008540660972892834,2.0,0.9699999999999989,0.030000000000001137,0.9399999999999977,1.0,0.9699999999999989,2.0,9.0,1.685555555555556,0.4859723611507846,1.0600000000000023,2.719999999999999,1.5700000000000074,18.0,2.564761904761904,2.162193813275721,0.28000000000000114,8.200000000000003,1.9400000000000048,21.0,21.0,20.0,1.0499999475000026,175.0,7.2,6.857142857142858,0.6857142857142857,3.085714285714286,6.171428571428572,5.828571428571429,call_3f3ac4984431,0,train
3.791428571428572,2.552172343998224,0.5799999999999983,9.46,2.650000000000002,14.0,0.6731424904291685,0.0,0.0,0.0,0.0,0.0,0.0,0.0,0.0,9.0,2.1247058823529406,0.6223117967051082,1.2800000000000011,3.4800000000000004,2.019999999999996,17.0,1.2626666666666666,0.857962444140507,0.3200000000000074,3.619999999999999,1.0399999999999991,15.0,15.0,17.0,0.8823528892733594,124.0,7.258064516129031,8.225806451612902,0.0,4.354838709677419,8.225806451612902,6.774193548387096,call_415d987a1504,1,train
3.767142857142858,2.363672773374487,1.0399999999999991,7.68,2.84,14.0,0.6274442556508008,0.21889763779527513,0.0,0.0,0.0,0.0,0.0,0.0,0.0,4.0,1.4945454545454544,0.28104880315003433,1.0399999999999991,1.9399999999999977,1.3999999999999986,11.0,1.5875,1.5632318286166003,0.30000000000000426,4.620000000000001,0.889999999999997,8.0,8.0,16.0,0.4999999687500019,77.0,6.233766233766233,12.467532467532466,0.0,3.1168831168831166,8.571428571428571,10.909090909090908,call_41fc5fd779c9,1,train
3.866666666666669,1.54991039167502,2.240000000000009,7.819999999999993,3.360000000000002,12.0,0.40083879073350737,0.05587079877782628,1.0,1.6200000000000045,0.0,1.6200000000000045,1.6200000000000045,1.6200000000000045,1.0,7.0,2.3506666666666685,0.7386064957442204,1.3400000000000034,3.6000000000000014,2.240000000000009,15.0,3.8183333333333365,3.4314570115655276,0.46000000000000796,12.900000000000006,2.5700000000000056,12.0,12.0,15.0,0.7999999466666703,142.0,5.070422535211268,6.338028169014084,0.4225352112676056,2.9577464788732395,6.338028169014084,5.070422535211268,call_450b4e13468b,1,train
3.6533333333333338,2.3460415834147312,1.5799999999999983,9.599999999999994,2.5199999999999996,18.0,0.6421644912181312,0.05736250739207526,4.0,0.5749999999999957,0.5589946332479441,0.05999999999998806,1.5,0.36999999999999744,4.0,9.0,1.9199999999999995,0.44754888001200555,1.3199999999999932,2.780000000000001,1.8399999999999999,16.0,1.5372727272727273,1.3853164450379423,0.259999999999998,5.039999999999999,0.8500000000000014,22.0,22.0,21.0,1.0476189977324286,134.0,9.850746268656716,9.402985074626866,1.791044776119403,4.029850746268656,7.164179104477612,8.059701492537313,call_4789ebd9b148,1,train
3.261666666666665,2.3852946475342525,0.9399999999999977,8.079999999999998,1.9999999999999964,24.0,0.731311369306965,0.06377014716187777,1.0,0.17999999999999972,0.0,0.17999999999999972,0.17999999999999972,0.17999999999999972,1.0,9.0,1.9209523809523799,1.1987847209804772,1.1600000000000001,5.480000000000004,1.5,21.0,2.0385714285714323,1.42749459414967,0.3000000000000007,4.860000000000003,1.4500000000000046,14.0,14.0,27.0,0.5185184993141296,146.0,5.753424657534247,11.095890410958905,0.4109589041095891,3.6986301369863015,8.63013698630137,9.863013698630137,call_47bef2f628eb,0,val
2.7350000000000003,2.493454431105567,0.12000000000000455,8.639999999999986,1.7900000000000027,20.0,0.911683188088621,0.43711142993782837,6.0,1.7199999999999964,1.1930353445448831,0.05999999999999517,3.759999999999991,1.6500000000000021,6.0,5.0,1.8657142857142865,0.5054801717986923,1.1799999999999926,2.9399999999999977,1.7599999999999993,14.0,1.8182608695652167,1.8659084561493577,0.19999999999998863,7.140000000000001,1.1199999999999974,46.0,46.0,20.0,2.299999885000006,140.0,19.71428571428571,8.571428571428571,2.571428571428571,2.142857142857143,6.0,8.571428571428571,call_486215b37ca1,0,train
1.5505882352941152,1.1441332223346312,0.0,3.780000000000001,1.5,17.0,0.7378699634256216,0.039143730886850005,1.0,0.1999999999999993,0.0,0.1999999999999993,0.1999999999999993,0.1999999999999993,1.0,10.0,1.849523809523807,0.9527627806016429,1.1400000000000006,4.680000000000003,1.5,21.0,1.7210526315789505,1.7015222124131029,0.379999999999999,6.919999999999998,1.4000000000000057,19.0,19.0,19.0,0.9999999473684238,155.0,7.354838709677419,7.354838709677419,0.3870967741935484,3.8709677419354835,8.129032258064516,6.580645161290322,call_488e7b893457,0,train
3.2225,2.976775730551429,0.1599999999999966,9.560000000000002,1.5600000000000023,16.0,0.9237470308159498,0.07163742690058464,1.0,1.1199999999999974,0.0,1.1199999999999974,1.1199999999999974,1.1199999999999974,1.0,8.0,2.34,1.488115885571044,1.1799999999999997,7.0,1.7200000000000042,18.0,3.2188235294117673,2.745610148310423,0.33999999999999986,10.620000000000001,2.84,17.0,17.0,19.0,0.8947367950138528,152.0,6.710526315789474,7.5,0.39473684210526316,3.1578947368421053,7.105263157894737,6.315789473684211,call_4ac92327c83b,0,train
4.1228571428571446,2.169277129669264,2.3200000000000003,9.939999999999998,3.0900000000000034,14.0,0.5261585663400858,0.014904187366926959,0.0,0.0,0.0,0.0,0.0,0.0,0.0,8.0,2.5000000000000013,0.5301720031661211,1.6400000000000006,3.200000000000003,2.4200000000000017,17.0,1.409,1.3531958468750933,0.2600000000000051,4.659999999999997,0.9199999999999982,20.0,20.0,18.0,1.1111110493827194,165.0,7.2727272727272725,6.545454545454546,0.0,2.909090909090909,6.181818181818182,5.090909090909091,call_4affad158a4c,1,val
3.7106666666666674,2.147294318180182,0.5,9.400000000000006,3.3999999999999773,15.0,0.5786813886540044,0.096083026447941,0.0,0.0,0.0,0.0,0.0,0.0,0.0,22.0,3.1703225806451614,2.5187804061988808,1.1400000000000006,13.759999999999991,2.220000000000013,31.0,1.4223809523809536,2.0910612588369144,0.21999999999999886,12.460000000000008,0.7599999999999909,42.0,42.0,16.0,2.62499983593751,213.0,11.830985915492958,4.507042253521127,0.0,6.19718309859155,8.732394366197184,4.225352112676057,call_4b1bec58d02d,1,train
2.8115789473684227,2.34281266667562,0.44000000000000483,9.200000000000003,1.9599999999999937,19.0,0.8332726475974624,0.1526616805983282,1.0,3.1600000000000037,0.0,3.1600000000000037,3.1600000000000037,3.1600000000000037,1.0,6.0,1.7239999999999993,0.6634133955033867,1.0199999999999996,3.1599999999999966,1.539999999999992,15.0,2.674117647058823,2.506741636710491,0.2400000000000091,8.26,1.539999999999992,17.0,17.0,20.0,0.8499999575000021,151.0,6.754966887417218,7.9470198675496695,0.3973509933774835,2.384105960264901,5.960264900662252,7.549668874172186,call_4baef170cf46,0,train
2.7553846153846147,2.6181279729685163,0.8999999999999915,9.739999999999995,1.3200000000000003,13.0,0.9501856866604353,0.09425287356321857,0.0,0.0,0.0,0.0,0.0,0.0,0.0,5.0,1.911666666666667,1.6984396433851325,1.0200000000000031,7.239999999999995,1.28,12.0,3.107142857142857,3.353101823198141,0.3400000000000034,10.680000000000007,1.6699999999999984,14.0,14.0,14.0,0.9999999285714337,130.0,6.461538461538462,6.461538461538462,0.0,2.307692307692308,5.538461538461539,6.0,call_4c278007298d,0,train
4.152941176470588,2.76117571868959,1.6399999999999935,8.740000000000009,2.059999999999988,17.0,0.6648721800976767,0.032907991940899606,1.0,0.23999999999999488,0.0,0.23999999999999488,0.23999999999999488,0.23999999999999488,1.0,10.0,2.1019047619047595,0.9566589632058468,1.0399999999999991,4.059999999999999,1.7600000000000051,21.0,1.8612499999999992,1.244818636388451,0.21999999999999886,4.400000000000006,1.8999999999999986,16.0,16.0,22.0,0.7272726942148775,154.0,6.233766233766233,8.571428571428571,0.3896103896103896,3.8961038961038956,8.181818181818182,6.623376623376623,call_4c8c40f7c2fd,0,train
3.0630769230769244,1.896325940076209,0.7800000000000011,8.0,2.3799999999999955,13.0,0.6190916417076686,0.10431985294117634,1.0,4.3799999999999955,0.0,4.3799999999999955,4.3799999999999955,4.3799999999999955,1.0,6.0,1.9866666666666666,1.1175846972626087,1.0600000000000023,5.719999999999999,1.8200000000000003,15.0,3.347692307692306,2.387010211850651,0.20000000000000284,7.420000000000002,2.1400000000000006,13.0,13.0,17.0,0.7647058373702448,141.0,5.531914893617021,7.234042553191489,0.425531914893617,2.553191489361702,6.382978723404255,5.531914893617021,call_4cd5b14fbe3c,1,train
4.006666666666667,2.104416519819423,0.37999999999999545,9.02,3.440000000000005,15.0,0.5252286176183374,0.04220314735336157,2.0,0.4899999999999949,0.46999999999999886,0.01999999999999602,0.9599999999999937,0.4899999999999949,2.0,7.0,2.6466666666666687,1.1259761197388782,1.2399999999999949,4.859999999999999,2.5799999999999983,15.0,3.106666666666665,2.121802169016813,0.1999999999999993,6.260000000000005,2.519999999999996,9.0,9.0,22.0,0.4090908904958686,151.0,3.576158940397351,8.741721854304636,0.794701986754967,2.781456953642384,5.960264900662252,5.960264900662252,call_4d8129939686,1,train
3.3909090909090893,3.0816331400602106,0.7999999999999972,9.659999999999997,1.5799999999999983,11.0,0.9087923470226947,0.09299516908212539,2.0,0.28000000000000114,0.0799999999999983,0.20000000000000284,0.35999999999999943,0.28000000000000114,2.0,5.0,1.5149999999999995,0.5297876933262988,1.039999999999992,3.0600000000000023,1.4199999999999946,12.0,2.5476923076923077,2.1640210216743565,0.23999999999999488,7.700000000000003,1.9600000000000009,13.0,13.0,16.0,0.8124999492187531,100.0,7.8,9.6,1.2,3.0,7.199999999999999,6.6,call_4e60206f7e8a,0,train
4.784444444444445,2.423858774356438,2.260000000000005,9.46,4.0600000000000005,18.0,0.5066122714746283,0.03358868591632277,2.0,0.8499999999999979,0.5500000000000007,0.29999999999999716,1.3999999999999986,0.8499999999999979,2.0,9.0,2.512500000000002,1.1254304731968126,1.4200000000000017,5.88000000000001,2.3099999999999987,16.0,2.610769230769228,2.3777120920959747,0.47999999999998977,8.540000000000001,1.6800000000000068,13.0,13.0,20.0,0.6499999675000016,136.0,5.735294117647059,8.823529411764707,0.8823529411764706,3.9705882352941178,7.0588235294117645,7.9411764705882355,call_4e9cec0da4ea,1,train
1.8227272727272708,2.1980511653780574,0.09999999999999432,9.54,1.0399999999999987,22.0,1.2059126959660351,0.3461134453781515,12.0,1.3583333333333305,1.3322777071199825,0.060000000000002274,4.219999999999999,0.9299999999999997,12.0,10.0,2.317647058823529,1.2979781989094765,1.0799999999999983,5.260000000000002,1.8400000000000034,17.0,2.1155555555555567,2.9998337402489152,0.20000000000001705,12.299999999999997,0.8599999999999994,36.0,36.0,25.0,1.4399999424000023,152.0,14.210526315789474,9.868421052631579,4.736842105263158,3.947368421052632,6.710526315789474,8.68421052631579,call_4f0dad5104b3,0,train
1.5654545454545472,1.4023121403036394,0.0799999999999983,5.640000000000001,1.1799999999999997,11.0,0.8957853478339832,0.1331981068289381,0.0,0.0,0.0,0.0,0.0,0.0,0.0,9.0,1.6866666666666668,0.700222186960045,1.0200000000000102,3.8799999999999955,1.4800000000000004,18.0,1.3445454545454545,1.3221185728447973,0.21999999999999886,4.6200000000000045,0.6300000000000003,22.0,22.0,16.0,1.3749999140625053,132.0,10.0,7.2727272727272725,0.0,4.090909090909091,8.181818181818182,5.0,call_51851f91f064,0,train
2.993999999999997,2.6824175663009666,0.40000000000000213,9.480000000000004,1.6899999999999835,20.0,0.8959307516266591,0.10342823939570185,0.0,0.0,0.0,0.0,0.0,0.0,0.0,9.0,2.521904761904761,2.726077976468544,1.0399999999999991,12.079999999999984,1.3400000000000034,21.0,1.7210000000000025,1.3590507716785238,0.29999999999999716,5.019999999999996,1.3900000000000006,20.0,20.0,22.0,0.9090908677685968,164.0,7.317073170731708,8.048780487804878,0.0,3.292682926829268,7.682926829268292,7.317073170731708,call_5273f6be303c,0,train
3.914666666666665,2.608922808789522,1.7999999999999972,8.83999999999999,2.539999999999999,15.0,0.6664480949441659,0.04552758435993557,0.0,0.0,0.0,0.0,0.0,0.0,0.0,7.0,2.0447058823529405,0.41628776312798815,1.5800000000000018,3.1200000000000045,1.9200000000000017,17.0,3.3945454545454576,2.010772640447013,0.5200000000000031,6.82,2.5999999999999943,11.0,11.0,18.0,0.6111110771604957,146.0,4.52054794520548,7.397260273972603,0.0,2.8767123287671237,6.986301369863014,6.164383561643836,call_52ba7c3bd761,1,train
4.516666666666666,1.7336057478241362,2.4399999999999977,8.620000000000001,4.040000000000002,12.0,0.38382406583027395,0.046387520525451385,1.0,0.1599999999999966,0.0,0.1599999999999966,0.1599999999999966,0.1599999999999966,1.0,7.0,3.043076923076924,0.9347923225992668,1.8200000000000003,4.780000000000001,2.680000000000007,13.0,1.9487999999999994,1.6172676216384225,0.3400000000000034,7.299999999999997,1.1799999999999997,25.0,25.0,20.0,1.249999937500003,164.0,9.146341463414634,7.317073170731708,0.36585365853658536,2.5609756097560976,4.7560975609756095,4.390243902439025,call_52bfee0220ab,1,train
3.381333333333333,1.5223922694963412,2.0,7.34,2.8799999999999955,15.0,0.45023417367769153,0.0768614891913529,2.0,2.490000000000002,0.7100000000000009,1.7800000000000011,3.200000000000003,2.490000000000002,2.0,10.0,2.272222222222222,0.821817467943633,1.0799999999999983,4.560000000000002,2.210000000000001,18.0,2.27090909090909,1.5091807202190854,0.3199999999999932,4.219999999999999,1.8599999999999994,11.0,11.0,19.0,0.5789473379501401,124.0,5.32258064516129,9.193548387096774,0.9677419354838709,4.838709677419354,8.709677419354838,7.258064516129031,call_54a09817b7e2,1,train
2.3447058823529394,1.7199935623923943,0.6999999999999886,5.579999999999998,1.2800000000000011,17.0,0.7335644277490079,0.12382234185733534,3.0,0.4799999999999969,0.3676955262170042,0.03999999999999915,0.9399999999999977,0.45999999999999375,3.0,8.0,1.6299999999999994,1.3232589639652141,1.019999999999996,6.320000000000007,1.2199999999999989,14.0,1.9813333333333325,1.9615975348906016,0.19999999999998863,7.119999999999997,1.2399999999999949,15.0,15.0,19.0,0.7894736426592819,124.0,7.258064516129031,9.193548387096774,1.4516129032258063,3.8709677419354835,6.774193548387096,8.225806451612902,call_565b6523733e,0,train
3.063333333333333,2.931850003742422,0.10000000000000853,9.439999999999998,1.7200000000000006,18.0,0.957078034819713,0.07488050982474788,4.0,0.9049999999999976,1.3840068641448273,0.04000000000000625,3.299999999999997,0.13999999999999346,4.0,10.0,2.3768421052631563,1.1752224991199212,1.1599999999999966,4.699999999999989,1.8200000000000003,19.0,1.6373913043478272,1.5893045167245043,0.240000000000002,5.619999999999999,0.9400000000000013,23.0,23.0,19.0,1.2105262520775657,154.0,8.96103896103896,7.402597402597402,1.5584415584415583,3.8961038961038956,7.402597402597402,7.012987012987012,call_568b5e814bc3,0,train
3.9563636363636348,2.553056181866861,0.620000000000001,9.52,3.3400000000000034,11.0,0.6453035593335553,0.1533006001091107,0.0,0.0,0.0,0.0,0.0,0.0,0.0,13.0,1.9809090909090896,0.979749082399575,1.0999999999999943,5.059999999999995,1.7199999999999989,22.0,1.5939130434782616,2.1514115470110484,0.21999999999999886,7.6,0.6399999999999997,23.0,23.0,13.0,1.7692306331361052,134.0,10.298507462686567,5.820895522388059,0.0,5.820895522388059,9.850746268656716,4.925373134328358,call_569ffb0869eb,0,val
4.145555555555556,2.349418893216462,1.7199999999999989,8.420000000000002,3.140000000000015,18.0,0.5667318396773412,0.03840579710144882,1.0,0.8999999999999915,0.0,0.8999999999999915,0.8999999999999915,0.8999999999999915,1.0,11.0,2.1133333333333306,0.8494778975421893,1.3799999999999955,5.3999999999999915,1.9399999999999977,21.0,1.840000000000001,1.8281502491133867,0.3199999999999932,7.520000000000001,1.1799999999999997,15.0,15.0,20.0,0.7499999625000018,159.0,5.660377358490567,7.547169811320755,0.37735849056603776,4.150943396226415,7.9245283018867925,6.7924528301886795,call_56f58de34ea0,1,train
3.3840000000000017,1.6099142834325049,2.0199999999999996,7.16,2.6100000000000043,10.0,0.4757428509721197,0.013756613756614028,0.0,0.0,0.0,0.0,0.0,0.0,0.0,7.0,2.2628571428571456,0.9349058667009391,1.1400000000000006,4.8799999999999955,2.160000000000002,14.0,4.725,2.588315089010606,0.5200000000000102,8.959999999999994,4.249999999999993,8.0,8.0,17.0,0.47058820761245834,148.0,3.243243243243243,6.891891891891891,0.0,2.8378378378378377,5.675675675675675,4.0540540540540535,call_578504f9f39e,1,train
3.28625,2.5759339932342975,0.7400000000000091,9.439999999999998,2.099999999999998,16.0,0.7838518704853334,0.17342739564961895,0.0,0.0,0.0,0.0,0.0,0.0,0.0,13.0,2.416296296296296,1.642635975877048,1.0799999999999983,7.780000000000001,1.779999999999994,27.0,1.4791304347826115,1.290021614390806,0.21999999999999886,4.939999999999998,0.7199999999999989,23.0,23.0,21.0,1.0952380430839026,173.0,7.976878612716763,7.283236994219653,0.0,4.508670520231214,9.364161849710984,5.5491329479768785,call_57f113803718,0,train
5.144999999999999,2.459974593364735,0.0,9.859999999999985,4.390000000000001,20.0,0.4781290797348213,0.02531645569620244,3.0,0.46666666666666384,0.31510139461590003,0.1600000000000108,0.8999999999999915,0.3399999999999892,3.0,9.0,2.9712500000000004,1.1593094658028111,1.3799999999999955,5.180000000000001,3.009999999999998,16.0,3.16,1.8141885238309732,0.5400000000000063,5.919999999999995,3.3299999999999965,10.0,10.0,20.0,0.4999999750000012,146.0,4.109589041095891,8.219178082191782,1.2328767123287672,3.6986301369863015,6.575342465753425,8.219178082191782,call_5823cd70919d,1,train
4.397333333333334,2.3819416916083904,2.239999999999995,9.320000000000022,3.1199999999999974,15.0,0.5416785513788293,0.020833333333333332,2.0,6.52,1.9800000000000004,4.539999999999999,8.5,6.52,2.0,9.0,2.97875,2.060284795240696,1.0600000000000023,9.700000000000001,2.5600000000000023,16.0,3.6799999999999997,2.729774105428262,0.4399999999999977,9.16,2.8500000000000014,12.0,12.0,19.0,0.6315789141274255,150.0,4.8,7.6,0.8,3.6,6.4,6.0,call_58a0f7394bc3,1,train
2.432941176470589,2.0439171293949046,0.8399999999999999,7.1200000000000045,1.5600000000000023,17.0,0.8401009893132628,0.1505154639175257,2.0,1.1100000000000012,0.11000000000000121,1.0,1.2200000000000024,1.1100000000000012,2.0,7.0,1.557777777777778,0.5452375176171235,1.019999999999996,3.1599999999999966,1.339999999999999,18.0,1.5315789473684216,1.41879586884496,0.26000000000000156,6.460000000000008,1.08,19.0,19.0,21.0,0.9047618616780065,133.0,8.571428571428571,9.473684210526315,0.9022556390977443,3.1578947368421053,8.120300751879698,7.669172932330826,call_58ed2170e352,0,val
2.803999999999999,2.452309931472772,0.7000000000000028,8.799999999999997,1.4799999999999969,15.0,0.8745752699349154,0.04571106094808149,1.0,1.4199999999999982,0.0,1.4199999999999982,1.4199999999999982,1.4199999999999982,1.0,6.0,1.8923076923076936,0.8263185625797744,1.0600000000000023,3.7399999999999984,1.5600000000000023,13.0,2.084705882352941,1.4784814055090392,0.1999999999999993,5.220000000000001,1.9199999999999982,17.0,17.0,17.0,0.999999941176474,144.0,7.083333333333334,7.083333333333334,0.4166666666666667,2.5,5.416666666666667,6.25,call_5a6307557d57,0,train
5.144444444444444,2.1774353472280237,3.6000000000000014,9.68,3.9399999999999977,9.0,0.42325948846040645,0.026697892271662783,0.0,0.0,0.0,0.0,0.0,0.0,0.0,5.0,2.781538461538461,1.2250076681320201,1.1599999999999966,5.300000000000001,2.0799999999999983,13.0,2.0333333333333328,1.6756330241869868,0.21999999999999886,6.68,1.5799999999999983,21.0,21.0,14.0,1.4999998928571505,145.0,8.689655172413794,5.793103448275862,0.0,2.0689655172413794,5.379310344827586,3.724137931034483,call_5a7a7e3c9588,1,train
1.4511111111111117,0.9996937802752336,0.5800000000000001,3.960000000000001,1.0199999999999996,9.0,0.6889156066031118,0.38812154696132595,4.0,0.8800000000000008,0.4144876355212533,0.3400000000000034,1.4800000000000004,0.8499999999999996,4.0,4.0,2.52,1.0971781988355414,1.0199999999999996,4.520000000000003,2.5999999999999996,8.0,1.3790476190476184,1.5924043060488449,0.20000000000000018,7.180000000000001,0.72,21.0,21.0,11.0,1.909090735537206,65.0,19.384615384615387,10.153846153846155,3.6923076923076925,3.6923076923076925,7.384615384615385,8.307692307692308,call_5c9d19646f57,0,train
4.032727272727274,1.5613344578456596,2.4399999999999977,7.66,3.3000000000000007,11.0,0.3871657975085319,0.0,0.0,0.0,0.0,0.0,0.0,0.0,0.0,7.0,2.3514285714285714,0.7872452616820365,1.1799999999999997,3.4399999999999977,2.4200000000000017,14.0,2.4466666666666663,1.6305418322345087,0.5600000000000023,5.159999999999998,2.219999999999999,9.0,9.0,16.0,0.5624999648437522,129.0,4.186046511627907,7.441860465116279,0.0,3.255813953488372,6.511627906976744,5.116279069767442,call_5d86f0ca06aa,1,train
2.8040000000000007,1.3536557908124205,1.0799999999999996,4.1000000000000005,3.6000000000000014,5.0,0.48275866906339193,0.05939004815409306,0.0,0.0,0.0,0.0,0.0,0.0,0.0,14.0,3.8079999999999994,1.8762771650265317,1.2800000000000002,7.579999999999998,3.8400000000000034,15.0,1.038333333333333,0.8087833798709979,0.28000000000000114,3.379999999999999,0.7599999999999945,24.0,24.0,5.0,4.799999040000192,96.0,15.0,3.125,0.0,8.75,9.375,3.125,call_5e4539a471f6,1,val
1.7485714285714273,0.8525495975757261,0.3999999999999915,4.140000000000001,1.539999999999992,14.0,0.48756893546140023,0.32459360251704283,2.0,0.47000000000000597,0.00999999999999801,0.46000000000000796,0.480000000000004,0.47000000000000597,2.0,10.0,2.402105263157895,1.5452187000631765,1.019999999999996,7.74,2.1400000000000006,19.0,1.271333333333333,1.4388577259602688,0.23999999999999488,6.26,0.5900000000000034,30.0,30.0,15.0,1.9999998666666756,112.0,16.07142857142857,8.035714285714285,1.0714285714285714,5.357142857142857,10.178571428571429,7.5,call_5f7a4b3e8ca9,0,train
3.0399999999999987,1.835903367955566,1.039999999999992,7.720000000000001,2.260000000000005,17.0,0.6039153829079552,0.07601572739187416,1.0,0.3200000000000003,0.0,0.3200000000000003,0.3200000000000003,0.3200000000000003,1.0,10.0,1.7619999999999998,0.4120145628494216,1.039999999999992,2.559999999999995,1.7399999999999949,20.0,2.3476923076923084,1.6860429497502047,0.4000000000000057,5.6200000000000045,2.680000000000007,13.0,13.0,26.0,0.49999998076923147,153.0,5.098039215686275,10.19607843137255,0.3921568627450981,3.9215686274509807,7.843137254901961,6.666666666666667,call_6058d9c5c82f,1,val
2.970000000000002,2.602814909774698,0.960000000000008,8.800000000000011,1.4799999999999933,22.0,0.8763683614162744,0.08844507845934403,0.0,0.0,0.0,0.0,0.0,0.0,0.0,11.0,1.9928000000000003,1.2509820782089558,1.0599999999999987,5.82,1.3200000000000012,25.0,1.475789473684209,1.0274050899409461,0.26000000000000156,3.240000000000002,1.0799999999999983,19.0,19.0,29.0,0.655172391200952,211.0,5.402843601895735,8.246445497630331,0.0,3.1279620853080567,7.109004739336493,6.2559241706161135,call_60ffdefc5f5a,0,train
1.9030769230769222,1.667985356029541,0.12000000000000455,5.799999999999997,1.019999999999996,26.0,0.8764671881289652,0.12964329643296468,10.0,1.7780000000000045,3.068712433578616,0.12000000000000455,10.899999999999999,0.8700000000000045,10.0,6.0,2.9461538461538472,2.5320880360850806,1.039999999999992,10.800000000000004,2.0,13.0,3.3874999999999993,3.8790669518154335,0.2599999999999909,15.759999999999998,1.2899999999999956,24.0,24.0,29.0,0.8275861783590973,183.0,7.868852459016394,9.508196721311476,3.278688524590164,1.9672131147540985,4.262295081967213,8.524590163934427,call_624a4731ab56,0,train
3.370588235294118,2.818127184931479,1.0399999999999991,9.86,1.6000000000000085,17.0,0.8360933321160295,0.05666003976143146,0.0,0.0,0.0,0.0,0.0,0.0,0.0,9.0,1.5542857142857156,0.586292397622724,1.0399999999999991,3.1199999999999903,1.3799999999999955,21.0,1.8290909090909075,1.0436078551696997,0.28000000000000114,3.440000000000005,1.7600000000000016,11.0,11.0,19.0,0.5789473379501401,122.0,5.409836065573771,9.344262295081968,0.0,4.426229508196721,10.327868852459018,8.360655737704919,call_63a156c6b8d9,0,train
2.100714285714285,2.1865464102281535,0.0,9.36,1.490000000000002,28.0,1.040858047303009,0.36925858951175417,6.0,0.44333333333333397,0.3184162195757142,0.0799999999999983,1.0,0.34999999999999787,6.0,7.0,1.996470588235294,0.6194963910683512,1.1200000000000045,3.299999999999997,1.8599999999999994,17.0,1.4552631578947375,1.4167303662828448,0.20000000000000018,6.34,0.9000000000000057,38.0,38.0,28.0,1.3571428086734711,146.0,15.616438356164386,11.506849315068495,2.4657534246575343,2.8767123287671237,6.986301369863014,11.506849315068495,call_64637c20ee66,0,val
2.3970000000000002,2.5276730405651744,0.2200000000000002,9.659999999999997,1.470000000000006,20.0,1.0545148043597703,0.37682728749323186,5.0,0.8200000000000023,0.4900612206653352,0.35999999999999943,1.6599999999999993,0.6400000000000006,5.0,12.0,2.71,2.1760335985968213,1.019999999999996,10.180000000000007,2.1099999999999994,18.0,1.3681481481481474,0.9905966665752032,0.20000000000000284,3.4200000000000017,1.0599999999999987,27.0,27.0,21.0,1.2857142244897988,132.0,12.272727272727272,9.545454545454545,2.2727272727272725,5.454545454545454,8.181818181818182,9.09090909090909,call_65a7cdefc22d,0,train
4.796666666666666,2.150992019201061,2.259999999999991,9.579999999999998,4.210000000000002,18.0,0.44843465686582445,0.022868032396378694,3.0,1.6999999999999922,1.83913022921163,0.339999999999975,4.300000000000001,0.46000000000000085,3.0,11.0,2.692999999999999,1.1932019946346062,1.2199999999999989,5.099999999999994,2.489999999999995,20.0,3.22923076923077,2.5693293394265098,0.8600000000000012,9.620000000000005,1.9600000000000009,13.0,13.0,25.0,0.5199999792000009,184.0,4.239130434782608,8.152173913043478,0.9782608695652173,3.5869565217391304,6.521739130434782,5.869565217391304,call_6756c4a91509,1,train
3.6612500000000012,2.609017715060594,0.9399999999999977,8.700000000000003,2.2100000000000017,16.0,0.7126028002616026,0.00977198697068427,0.0,0.0,0.0,0.0,0.0,0.0,0.0,7.0,2.1375000000000024,0.7847252703972228,1.0800000000000125,4.059999999999999,2.0,16.0,3.2746666666666644,2.930278409222501,0.240000000000002,10.519999999999996,2.6400000000000006,15.0,15.0,18.0,0.8333332870370396,166.0,5.421686746987952,6.506024096385542,0.0,2.5301204819277108,5.783132530120482,5.783132530120482,call_678ee1dd2242,0,val
2.9,1.4586637720873172,1.6600000000000001,5.619999999999997,2.020000000000003,8.0,0.5029873341724079,0.056666666666666136,0.0,0.0,0.0,0.0,0.0,0.0,0.0,6.0,4.1144444444444455,3.5182053856764055,1.2399999999999949,12.219999999999999,2.280000000000001,18.0,1.7142857142857117,0.8670287051246933,0.5799999999999983,2.759999999999991,1.4200000000000017,7.0,7.0,21.0,0.3333333174603182,159.0,2.6415094339622645,7.9245283018867925,0.0,2.2641509433962264,6.7924528301886795,3.018867924528302,call_68544c09a58b,1,train
3.3599999999999985,1.9346891797449586,1.5,6.739999999999995,2.2799999999999976,9.0,0.5758001797454702,0.018423746161719514,0.0,0.0,0.0,0.0,0.0,0.0,0.0,5.0,2.2660000000000005,1.6198036918095984,1.1599999999999966,7.020000000000003,1.7599999999999998,10.0,1.9540000000000006,1.4500220687975751,0.35999999999999943,5.040000000000003,1.490000000000001,10.0,10.0,11.0,0.9090908264462886,98.0,6.122448979591836,6.73469387755102,0.0,3.061224489795918,6.122448979591836,5.510204081632653,call_6971b2685c1d,0,val
3.831111111111109,1.9466121250603843,0.7599999999999909,8.38,3.570000000000004,18.0,0.5081062805274635,0.012552301255230174,0.0,0.0,0.0,0.0,0.0,0.0,0.0,9.0,2.365555555555554,1.0127367883458809,1.1800000000000068,4.859999999999985,2.1299999999999937,18.0,3.0418181818181824,2.8462217960652114,0.30000000000001137,7.780000000000001,2.0799999999999983,11.0,11.0,21.0,0.5238094988662143,152.0,4.342105263157895,8.289473684210527,0.0,3.5526315789473686,7.105263157894737,7.105263157894737,call_6afd8cabf618,1,train
3.215454545454549,2.5984955914611394,0.2600000000000193,9.5,2.6300000000000026,22.0,0.8081267349923217,0.09394904458598716,1.0,2.960000000000001,0.0,2.960000000000001,2.960000000000001,2.960000000000001,1.0,10.0,1.9570000000000007,1.411173625036977,1.0399999999999991,6.920000000000002,1.379999999999999,20.0,2.2164705882352926,2.86786852840115,0.240000000000002,10.58,1.0199999999999818,17.0,17.0,26.0,0.6538461286982258,153.0,6.666666666666667,10.19607843137255,0.3921568627450981,3.9215686274509807,7.843137254901961,8.627450980392158,call_6b0cc9c966a1,0,train
1.5499999999999996,1.0402788087815684,0.14000000000000057,3.1599999999999966,1.3500000000000014,10.0,0.6711471855705697,0.1804670912951165,0.0,0.0,0.0,0.0,0.0,0.0,0.0,22.0,3.8223076923076933,3.5996936917682616,1.0400000000000063,14.280000000000001,2.129999999999999,26.0,1.1082352941176468,1.260439863904276,0.19999999999999574,4.920000000000002,0.7399999999999949,34.0,34.0,10.0,3.3999996600000344,162.0,12.592592592592592,3.7037037037037033,0.0,8.148148148148147,9.62962962962963,3.7037037037037033,call_6b31fbd81fc3,1,train
4.74888888888889,2.1089673325769036,2.8200000000000003,9.84,4.159999999999997,9.0,0.4440969114721555,0.013422818791946208,0.0,0.0,0.0,0.0,0.0,0.0,0.0,6.0,3.4283333333333332,1.6103096665617518,1.7000000000000028,7.579999999999998,3.030000000000001,12.0,4.842499999999999,3.48874529738128,0.519999999999996,10.519999999999996,3.849999999999998,8.0,8.0,13.0,0.615384568047341,139.0,3.4532374100719423,5.611510791366906,0.0,2.5899280575539567,5.179856115107913,3.884892086330935,call_6b6499e4474f,1,train
3.2615384615384633,2.0546002648984345,1.62,8.600000000000009,2.1400000000000006,13.0,0.629948001281972,0.06323396567298972,1.0,0.5,0.0,0.5,0.5,0.5,1.0,6.0,1.8366666666666676,0.2081399102099896,1.5400000000000063,2.1799999999999997,1.8299999999999983,12.0,5.534999999999996,3.9193972750921824,1.259999999999991,14.26,4.649999999999999,8.0,8.0,16.0,0.4999999687500019,129.0,3.7209302325581395,7.441860465116279,0.46511627906976744,2.7906976744186047,5.5813953488372094,6.046511627906977,call_6c8d4490f8d7,1,val
1.9333333333333302,2.1603060482770045,0.020000000000000018,9.499999999999986,1.0,24.0,1.1173991021782272,0.3638992152003299,4.0,0.20000000000000007,0.08602325267042452,0.0800000000000054,0.30000000000000027,0.2099999999999973,4.0,13.0,1.7263636363636365,0.6227617774116834,1.039999999999992,3.239999999999995,1.4300000000000008,22.0,1.1260465116279061,1.151706801219913,0.20000000000001705,5.76,0.7999999999999972,43.0,43.0,26.0,1.6538460902366887,154.0,16.753246753246753,10.12987012987013,1.5584415584415583,5.064935064935065,8.571428571428571,9.35064935064935,call_6d88a2e95795,0,train
2.552857142857143,2.0386915571773283,0.03999999999999915,8.159999999999997,1.9900000000000055,14.0,0.7985917912758118,0.13307618129218876,2.0,1.2399999999999984,0.4599999999999973,0.7800000000000011,1.6999999999999957,1.2399999999999984,2.0,10.0,3.52125,2.82830752173451,1.0800000000000018,12.400000000000006,2.229999999999997,16.0,1.7283333333333326,2.2783028527588023,0.2999999999999998,10.180000000000007,0.8999999999999968,24.0,24.0,14.0,1.7142855918367434,132.0,10.909090909090908,6.363636363636363,0.9090909090909091,4.545454545454545,7.2727272727272725,6.363636363636363,call_6dfa70c50ea5,1,train
2.49,2.1354507720853686,0.6799999999999997,6.560000000000002,1.470000000000006,16.0,0.857610407419663,0.05605199025182776,0.0,0.0,0.0,0.0,0.0,0.0,0.0,6.0,1.8578947368421048,1.1074274549003373,1.0400000000000027,5.400000000000006,1.3799999999999955,19.0,3.077499999999999,3.1227942215266116,0.32000000000000006,10.100000000000001,1.8799999999999955,16.0,16.0,18.0,0.8888888395061756,165.0,5.818181818181818,6.545454545454546,0.0,2.1818181818181817,6.909090909090909,5.818181818181818,call_6e83cb807322,0,train
3.542857142857143,2.0646806344926523,1.4000000000000057,9.18,2.5,21.0,0.5827725952435644,0.07479463899697329,4.0,0.8349999999999982,0.5566641716510928,0.28000000000000114,1.7399999999999949,0.6599999999999984,4.0,11.0,2.5329999999999986,1.7188283800310027,1.120000000000001,9.32,2.1699999999999946,20.0,1.8504000000000012,1.2976794057085133,0.2599999999999909,5.700000000000001,1.460000000000008,25.0,25.0,26.0,0.9615384245562144,163.0,9.202453987730062,9.570552147239264,1.4723926380368098,4.049079754601227,7.361963190184048,7.730061349693251,call_70101b573bb2,1,train
4.170666666666663,1.7347409668945466,2.719999999999999,8.44,3.559999999999988,15.0,0.41593843133538605,0.06443298969072214,2.0,0.44000000000000483,0.39999999999998437,0.040000000000020464,0.8399999999999892,0.44000000000000483,2.0,8.0,2.5211111111111104,0.9411452177999166,1.1999999999999886,4.439999999999998,2.5500000000000043,18.0,2.08923076923077,1.4944021780707115,0.23999999999999488,6.68,1.6900000000000048,26.0,26.0,18.0,1.4444443641975353,170.0,9.176470588235293,6.352941176470588,0.7058823529411764,2.8235294117647056,6.352941176470588,5.294117647058823,call_70de89818ee5,1,train
3.365000000000004,3.0037815452240495,0.020000000000003126,9.800000000000011,1.5799999999999965,28.0,0.8926539829331538,0.2803632236095345,3.0,1.3599999999999923,0.7979974937303939,0.240000000000002,2.039999999999992,1.799999999999983,3.0,13.0,2.2155555555555573,2.2007563234174135,1.0199999999999818,12.440000000000001,1.4000000000000057,27.0,1.6518749999999978,1.4834576112498132,0.21999999999999886,5.6200000000000045,0.9800000000000004,32.0,32.0,32.0,0.9999999687500011,211.0,9.09952606635071,9.09952606635071,0.8530805687203792,3.6966824644549763,7.677725118483412,7.9620853080568725,call_716d56beca2a,0,train
3.1749999999999985,1.9480438906759783,1.6400000000000006,8.0,2.0700000000000003,16.0,0.6135569376752886,0.0865945045795169,1.0,0.35999999999999943,0.0,0.35999999999999943,0.35999999999999943,0.35999999999999943,1.0,8.0,1.753749999999998,0.42735926045892486,1.1799999999999926,2.4399999999999977,1.7999999999999972,16.0,2.001666666666669,1.7044541322338025,0.4000000000000057,6.560000000000002,1.3599999999999994,12.0,12.0,18.0,0.6666666296296316,101.0,7.128712871287129,10.693069306930694,0.594059405940594,4.752475247524752,9.504950495049505,9.504950495049505,call_71fec5a6b017,1,train
3.2026666666666648,1.0067735042644335,1.9999999999999996,5.539999999999992,2.9399999999999977,15.0,0.3143546596304458,0.33915022761760283,0.0,0.0,0.0,0.0,0.0,0.0,0.0,3.0,2.1837500000000016,0.5235082974509566,1.2800000000000011,3.1599999999999966,2.1200000000000045,16.0,2.0276923076923077,2.9004672139452974,0.4200000000000017,11.239999999999998,0.9199999999999999,13.0,13.0,20.0,0.6499999675000016,103.0,7.572815533980583,11.650485436893204,0.0,1.7475728155339807,9.320388349514564,8.737864077669903,call_743448b8a861,1,val
2.3560000000000008,2.250960683797031,0.1999999999999993,8.579999999999998,1.380000000000003,20.0,0.9554158439648498,0.26853526220614843,4.0,0.879999999999999,0.49050993873722876,0.539999999999992,1.7199999999999989,0.6300000000000026,4.0,9.0,2.585000000000002,1.4676767355245512,1.019999999999996,6.0,1.8700000000000045,16.0,1.3825000000000003,1.5526489461562132,0.21999999999999886,5.82,0.6899999999999906,32.0,32.0,22.0,1.454545388429755,148.0,12.972972972972972,8.91891891891892,1.6216216216216215,3.6486486486486487,6.486486486486486,8.108108108108107,call_74b20933dd43,0,val
2.9187499999999993,2.742320812286558,0.6400000000000006,9.840000000000003,1.6299999999999955,16.0,0.9395528471892801,0.27124868835257143,4.0,1.0550000000000033,0.655038166826939,0.2600000000000051,2.0,0.980000000000004,4.0,10.0,1.9705263157894735,0.8445084131219744,1.1599999999999966,4.18,1.759999999999991,19.0,1.4661538461538457,0.9219505948847179,0.35999999999999943,3.059999999999995,1.2500000000000018,26.0,26.0,21.0,1.2380951791383248,140.0,11.142857142857142,9.0,1.7142857142857142,4.285714285714286,8.142857142857142,6.857142857142857,call_750153d8eb40,0,train
2.9537500000000003,2.118781710677151,0.9000000000000057,9.579999999999998,2.150000000000002,16.0,0.717318999020957,0.04309165526675743,1.0,1.1599999999999966,0.0,1.1599999999999966,1.1599999999999966,1.1599999999999966,1.0,10.0,1.8726315789473684,0.6497031071372701,1.1000000000000014,3.9200000000000017,1.7800000000000011,19.0,2.0885714285714285,1.9596459488637128,0.35999999999999943,8.060000000000002,1.6200000000000045,14.0,14.0,22.0,0.6363636074380178,150.0,5.6,8.8,0.4,4.0,7.6,6.4,call_7519d635bbbb,1,train
4.301666666666668,2.3276663325218143,2.0799999999999983,8.719999999999999,3.6600000000000006,12.0,0.5411078941682882,0.0019920318725098487,1.0,0.09999999999999432,0.0,0.09999999999999432,0.09999999999999432,0.09999999999999432,1.0,7.0,2.1338461538461564,0.8040430380897478,1.240000000000002,3.9000000000000057,2.0799999999999983,13.0,5.019999999999996,3.9528824925615993,0.6199999999999903,15.12,4.109999999999992,10.0,10.0,18.0,0.5555555246913597,143.0,4.195804195804196,7.5524475524475525,0.4195804195804196,2.937062937062937,5.454545454545455,5.034965034965035,call_7601ac7d4fbf,1,train
4.471666666666667,1.9412789312432375,1.4800000000000004,7.459999999999997,3.7699999999999996,12.0,0.43412862402861274,0.14532520325203233,2.0,1.2700000000000014,0.16999999999999993,1.1000000000000014,1.4400000000000013,1.2700000000000014,2.0,4.0,2.432500000000002,0.8593565907119107,1.4000000000000021,3.8599999999999994,2.1900000000000017,8.0,1.5138461538461527,0.9781736393090216,0.37999999999999545,3.24,1.0599999999999952,13.0,13.0,12.0,1.083333243055563,61.0,12.78688524590164,11.80327868852459,1.9672131147540985,3.934426229508197,7.868852459016394,11.80327868852459,call_76856257e3ef,1,train
2.116666666666669,1.773637192012189,0.0600000000000005,7.159999999999997,1.5100000000000042,18.0,0.8379384349954734,0.3270123839009287,2.0,0.7199999999999953,0.6800000000000033,0.03999999999999204,1.3999999999999986,0.7199999999999953,2.0,18.0,2.5841379310344816,1.9286613496580207,1.0600000000000023,8.800000000000011,2.039999999999999,29.0,1.1745454545454534,1.0798767912579283,0.21999999999999886,4.719999999999999,0.6800000000000068,44.0,44.0,19.0,2.3157893518005603,179.0,14.748603351955307,6.368715083798882,0.6703910614525139,6.033519553072626,9.720670391061452,6.033519553072626,call_7744ab92baa3,0,train
3.592727272727271,2.450295310250994,0.5200000000000031,8.439999999999998,3.34,11.0,0.6820152052275731,0.10526315789473673,0.0,0.0,0.0,0.0,0.0,0.0,0.0,19.0,3.789090909090909,3.5419600494268084,1.259999999999991,17.980000000000018,2.950000000000003,22.0,0.7979999999999995,0.6143744786366051,0.22000000000001307,2.9200000000000017,0.609999999999995,40.0,40.0,11.0,3.6363633057851543,156.0,15.384615384615383,4.230769230769231,0.0,7.3076923076923075,8.461538461538462,4.230769230769231,call_794031bf2233,1,train
3.7670588235294113,2.4218995090287962,1.519999999999996,8.540000000000003,2.3999999999999915,17.0,0.6429150643962125,0.05647668393782372,0.0,0.0,0.0,0.0,0.0,0.0,0.0,9.0,1.8,0.36169193055911364,1.2000000000000028,2.460000000000008,1.740000000000002,19.0,1.8380952380952384,1.3712268370144858,0.29999999999999716,4.819999999999993,1.4799999999999969,21.0,21.0,20.0,1.0499999475000026,153.0,8.23529411764706,7.843137254901961,0.0,3.5294117647058827,7.450980392156863,6.666666666666667,call_7a250598cb8b,1,train
3.188333333333334,1.8423075807861786,1.6799999999999997,7.32,2.1600000000000037,12.0,0.5778276015552253,0.0,0.0,0.0,0.0,0.0,0.0,0.0,0.0,8.0,1.9471428571428564,0.17882268038592838,1.6000000000000014,2.239999999999995,2.0,14.0,2.6763636363636367,2.365030358164842,0.2400000000000091,8.579999999999998,2.540000000000001,11.0,11.0,15.0,0.7333332844444478,131.0,5.0381679389312986,6.870229007633588,0.0,3.6641221374045805,6.412213740458016,5.4961832061068705,call_7a345e2b0f37,1,train
4.599999999999996,1.7158671277228892,0.2400000000000091,7.859999999999985,4.199999999999999,20.0,0.3730145118931258,0.05108556832694782,2.0,1.710000000000008,0.75,0.960000000000008,2.460000000000008,1.710000000000008,2.0,12.0,3.2191666666666645,1.3656192632729744,1.1799999999999997,5.5,3.299999999999997,24.0,2.319999999999999,1.6705199900142,0.4399999999999977,6.800000000000011,1.8999999999999986,27.0,27.0,22.0,1.2272726714876059,243.0,6.666666666666667,5.432098765432099,0.4938271604938272,2.9629629629629632,5.9259259259259265,4.938271604938272,call_7ae75e4aa32f,1,train
3.1666666666666665,1.227716941680324,1.5600000000000005,4.54,3.3999999999999986,3.0,0.3876999644148504,0.25443786982248473,0.0,0.0,0.0,0.0,0.0,0.0,0.0,14.0,4.308571428571428,2.5089749106040933,1.1400000000000006,11.620000000000001,4.149999999999997,14.0,0.5964705882352961,0.3194285555114385,0.26000000000000156,1.1399999999999997,0.5199999999999996,17.0,17.0,3.0,5.666664777778407,81.0,12.592592592592592,2.222222222222222,0.0,10.37037037037037,10.37037037037037,2.222222222222222,call_7b14e69a57bd,1,train
4.515294117647057,2.293494938111239,0.9799999999999969,8.540000000000001,4.359999999999999,17.0,0.507939099959958,0.06860158311345638,2.0,2.330000000000002,1.2699999999999996,1.0600000000000023,3.6000000000000014,2.330000000000002,2.0,7.0,2.8359999999999985,2.030043677691034,1.1000000000000014,9.060000000000002,2.0999999999999943,15.0,2.0672727272727283,1.2235647689442741,0.5799999999999983,4.400000000000002,1.5399999999999991,11.0,11.0,20.0,0.5499999725000013,124.0,5.32258064516129,9.677419354838708,0.9677419354838709,3.387096774193548,7.258064516129031,8.225806451612902,call_7b1e73c133f8,1,val
4.0975,2.3153927852526452,1.5799999999999983,7.959999999999999,3.0199999999999982,16.0,0.5650743673406413,0.0,0.0,0.0,0.0,0.0,0.0,0.0,0.0,8.0,1.7480000000000004,0.4587984306860704,1.1799999999999926,2.6199999999999974,1.6600000000000001,15.0,4.45,1.9276151068094485,0.23999999999999488,6.160000000000004,5.560000000000002,8.0,8.0,19.0,0.4210526094182837,131.0,3.6641221374045805,8.70229007633588,0.0,3.6641221374045805,6.870229007633588,7.328244274809161,call_7d4f3b80384e,1,train
4.396363636363636,2.5870561463045654,2.1799999999999997,8.82,2.6000000000000005,11.0,0.5884534974433778,0.0,0.0,0.0,0.0,0.0,0.0,0.0,0.0,7.0,1.9815384615384617,0.586381946330417,1.1199999999999974,2.799999999999997,2.1799999999999997,13.0,3.5622222222222226,2.7702137012543417,0.480000000000004,9.959999999999999,3.0800000000000054,9.0,9.0,16.0,0.5624999648437522,129.0,4.186046511627907,7.441860465116279,0.0,3.255813953488372,6.046511627906977,5.116279069767442,call_7d5b26105bb5,1,train
2.3200000000000003,2.1553777704461297,0.28000000000000025,8.459999999999994,1.4000000000000004,15.0,0.9290417419846497,0.040000000000000174,0.0,0.0,0.0,0.0,0.0,0.0,0.0,6.0,1.5776470588235274,0.5190889010537885,1.019999999999996,3.1199999999999903,1.4200000000000017,17.0,1.8437500000000009,1.61994164632557,0.2600000000000051,5.8199999999999985,1.3599999999999994,16.0,16.0,16.0,0.9999999375000038,127.0,7.559055118110236,7.559055118110236,0.0,2.8346456692913384,8.031496062992126,7.086614173228346,call_7f82debeb19b,0,train
4.154999999999998,2.4836213479514124,2.0,9.61999999999999,2.8699999999999974,16.0,0.5977426594966918,0.03136669156086641,1.0,2.5,0.0,2.5,2.5,2.5,1.0,8.0,2.1649999999999974,0.666427040267727,1.3399999999999892,4.0,2.069999999999994,16.0,3.3475000000000037,2.183939960255315,0.8400000000000034,6.380000000000001,2.8600000000000065,8.0,8.0,26.0,0.30769229585798863,154.0,3.1168831168831166,10.12987012987013,0.3896103896103896,3.1168831168831166,6.233766233766233,6.233766233766233,call_802282383eb2,1,train
3.3249999999999993,1.8606652036301436,2.120000000000001,7.960000000000001,2.4399999999999906,12.0,0.5595983891824826,0.047999999999999904,1.0,0.14000000000000057,0.0,0.14000000000000057,0.14000000000000057,0.14000000000000057,1.0,7.0,2.474285714285713,2.336473882602079,1.1199999999999903,10.64,1.7900000000000045,14.0,1.764705882352942,1.6269137785717405,0.29999999999999716,5.5,1.0600000000000023,17.0,17.0,15.0,1.1333332577777828,112.0,9.107142857142858,8.035714285714285,0.5357142857142857,3.75,7.5,6.428571428571429,call_810c24005ecc,1,val
3.5107692307692284,1.8808282199338173,2.2,8.060000000000002,2.84,13.0,0.535730935465326,0.10618066561014267,2.0,0.5,0.03999999999999915,0.46000000000000085,0.5399999999999991,0.5,2.0,8.0,2.1164705882352943,0.5365350838424012,1.4399999999999977,3.3400000000000034,2.2,17.0,1.9415384615384605,2.0430514363563224,0.28000000000000114,7.960000000000001,1.3200000000000003,13.0,13.0,19.0,0.684210490304711,131.0,5.954198473282443,8.70229007633588,0.9160305343511451,3.6641221374045805,7.786259541984734,5.954198473282443,call_810e3066a7b4,1,val
3.3618181818181827,2.2545058647550413,0.5600000000000023,9.079999999999998,2.4499999999999957,22.0,0.6706207986878492,0.16299862448418198,2.0,1.030000000000003,0.7499999999999982,0.2800000000000047,1.7800000000000011,1.030000000000003,2.0,9.0,1.9988888888888887,0.6357313276751873,1.1200000000000045,3.3800000000000026,1.8800000000000003,18.0,1.8175000000000003,1.6136430057481717,0.2400000000000091,5.559999999999988,1.2099999999999973,16.0,16.0,22.0,0.7272726942148775,132.0,7.2727272727272725,10.0,0.9090909090909091,4.090909090909091,8.181818181818182,10.0,call_81b12145be34,1,train
3.3419999999999987,2.557529276469773,0.740000000000002,8.340000000000003,2.2300000000000004,20.0,0.7652688543389945,0.04650112866817144,2.0,2.4899999999999984,1.4700000000000024,1.019999999999996,3.960000000000001,2.4899999999999984,2.0,9.0,2.137894736842105,1.585352622064912,1.0599999999999739,7.040000000000003,1.3200000000000003,19.0,2.7687500000000007,1.9294166054794897,0.20000000000000284,6.6,2.0899999999999963,16.0,16.0,22.0,0.7272726942148775,169.0,5.680473372781065,7.8106508875739635,0.7100591715976331,3.195266272189349,6.745562130177515,7.100591715976331,call_81b98c77cf99,0,train
2.7240000000000015,1.0560984802564586,0.4200000000000017,4.460000000000008,2.8100000000000014,10.0,0.3877012087207229,0.06291390728476763,5.0,1.5039999999999991,1.1906569615132678,0.05999999999999517,3.260000000000005,1.759999999999998,5.0,9.0,2.4228571428571444,0.8385994154492573,1.3999999999999986,3.8799999999999955,2.4400000000000013,14.0,2.787692307692309,2.4939254009142773,0.480000000000004,9.72,1.759999999999998,13.0,13.0,14.0,0.9285713622449028,138.0,5.6521739130434785,6.086956521739131,2.173913043478261,3.91304347826087,6.086956521739131,4.347826086956522,call_850d796d23a7,1,train
3.4999999999999987,2.1826818366404193,1.7400000000000002,8.859999999999985,2.3000000000000025,16.0,0.6236232037192047,0.03451521807342284,3.0,3.193333333333326,1.8008393104944822,1.8999999999999773,5.74,1.9399999999999995,3.0,11.0,2.1863157894736824,0.9287921444787481,1.3200000000000003,5.699999999999999,1.9799999999999898,19.0,4.552857142857145,4.344498045264391,0.37999999999999545,18.0,4.140000000000001,14.0,14.0,19.0,0.7368420664819965,168.0,5.0,6.7857142857142865,1.0714285714285714,3.928571428571429,6.7857142857142865,5.714285714285714,call_8570ae0e7d61,1,train
3.1271428571428572,2.1583804396929143,0.9200000000000017,7.139999999999999,2.590000000000002,14.0,0.6902082341887967,0.0,0.0,0.0,0.0,0.0,0.0,0.0,0.0,6.0,1.6642857142857133,0.6050822173853059,1.0400000000000063,3.0999999999999943,1.509999999999998,14.0,3.022,1.0034520417040393,1.539999999999992,4.52000000000001,3.039999999999999,10.0,10.0,17.0,0.588235259515573,128.0,4.6875,7.96875,0.0,2.8125,6.5625,6.5625,call_8834a90f11cd,0,train
3.406666666666668,2.1798827695288767,1.5399999999999991,7.460000000000001,2.0900000000000034,12.0,0.6398871222040372,0.01839303000968021,1.0,4.599999999999994,0.0,4.599999999999994,4.599999999999994,4.599999999999994,1.0,6.0,2.4883333333333337,1.5532430231257732,1.3599999999999994,6.079999999999998,1.8999999999999986,12.0,7.747499999999999,5.650760457672936,0.3399999999999963,17.14,7.049999999999997,8.0,8.0,18.0,0.4444444197530878,176.0,2.7272727272727275,6.136363636363637,0.34090909090909094,2.0454545454545454,4.090909090909091,4.090909090909091,call_8893de2fe204,1,train
3.4700000000000015,0.7007852738178774,2.480000000000004,4.4,3.540000000000001,8.0,0.2019553521217651,0.03576072821846535,1.0,0.4200000000000017,0.0,0.4200000000000017,0.4200000000000017,0.4200000000000017,1.0,6.0,2.9416666666666678,1.5251548190994313,1.2800000000000011,6.719999999999999,2.469999999999999,12.0,3.4177777777777782,2.8562670968232413,0.259999999999998,6.720000000000006,2.1200000000000045,9.0,9.0,15.0,0.5999999600000027,131.0,4.122137404580153,6.870229007633588,0.45801526717557256,2.7480916030534353,5.4961832061068705,3.6641221374045805,call_88cd54e1e505,1,train
2.928888888888889,1.7298454937071028,1.6800000000000068,6.24,2.1200000000000045,9.0,0.5906147241210701,0.028933808957590314,0.0,0.0,0.0,0.0,0.0,0.0,0.0,6.0,1.7516666666666634,0.3830977536985676,1.1399999999999935,2.3599999999999994,1.7099999999999973,12.0,6.307500000000003,6.961342812274082,0.45999999999999375,21.460000000000008,3.770000000000003,8.0,8.0,13.0,0.615384568047341,142.0,3.380281690140845,5.492957746478873,0.0,2.535211267605634,5.070422535211268,3.8028169014084505,call_88d7858b7921,1,train
2.9047058823529412,2.961466484197352,0.6599999999999966,8.5,1.5199999999999996,17.0,1.0195405609389518,0.09351753453772614,3.0,1.2533333333333327,0.8249983164966,0.259999999999998,2.280000000000001,1.2199999999999989,3.0,5.0,2.930666666666667,3.9228416004501407,1.0399999999999991,17.28,1.7199999999999989,15.0,2.3524999999999987,1.7783542251193927,0.2599999999999909,6.519999999999996,2.09,16.0,16.0,19.0,0.8421052188365674,153.0,6.274509803921569,7.450980392156863,1.1764705882352942,1.9607843137254903,5.882352941176471,6.666666666666667,call_893d552b156a,0,train
3.0583333333333322,3.005954738330051,0.1799999999999926,9.739999999999995,1.4499999999999993,12.0,0.9828731625472118,0.08110599078341102,1.0,0.6600000000000108,0.0,0.6600000000000108,0.6600000000000108,0.6600000000000108,1.0,6.0,1.8137499999999995,0.7930232893805833,1.039999999999992,4.239999999999995,1.4600000000000009,16.0,2.5529411764705925,2.5328425433652533,0.21999999999999886,8.960000000000008,1.5999999999999999,17.0,17.0,15.0,1.1333332577777828,136.0,7.5,6.61764705882353,0.4411764705882353,2.6470588235294117,7.0588235294117645,5.294117647058823,call_8a3996f823e4,0,train
4.484444444444446,2.179424547449324,2.3400000000000034,9.200000000000003,3.4799999999999986,18.0,0.48599644581456636,0.13573883161511965,2.0,4.800000000000002,2.7399999999999993,2.0600000000000023,7.540000000000001,4.800000000000002,2.0,6.0,2.7315789473684213,1.6742170618181793,1.2199999999999989,8.719999999999999,2.1599999999999966,19.0,4.157142857142856,4.3457161641773006,0.3400000000000034,16.680000000000007,2.1299999999999955,14.0,14.0,28.0,0.49999998214285774,183.0,4.59016393442623,9.18032786885246,0.6557377049180328,1.9672131147540985,6.229508196721312,5.901639344262295,call_8a570a10920b,1,train
3.163703703703706,2.7013524022417736,0.6600000000000001,9.120000000000005,1.5800000000000125,27.0,0.8538573145209593,0.19126213592233005,1.0,0.11999999999999034,0.0,0.11999999999999034,0.11999999999999034,0.11999999999999034,1.0,8.0,2.099130434782612,1.9928871628510052,1.019999999999996,10.739999999999995,1.5400000000000205,23.0,1.177142857142856,1.0354752433505285,0.20000000000000284,4.939999999999998,0.7199999999999989,35.0,35.0,31.0,1.1290322216441218,174.0,12.068965517241379,10.689655172413794,0.3448275862068966,2.7586206896551726,7.931034482758621,9.310344827586206,call_8a61615c9927,0,train
3.0008000000000004,2.6328781513773096,0.0800000000000125,9.599999999999998,1.8400000000000034,25.0,0.8773917868520136,0.3319327731092438,5.0,2.3320000000000007,2.1795999632960155,0.1599999999999966,5.920000000000001,1.6800000000000006,5.0,12.0,2.1263636363636347,1.5078266884208045,1.0999999999999943,6.8799999999999955,1.5500000000000007,22.0,1.7453333333333345,1.9889155057188537,0.28000000000000114,7.299999999999997,0.8100000000000017,30.0,30.0,26.0,1.1538461094674572,134.0,13.432835820895521,11.641791044776118,2.2388059701492535,5.3731343283582085,9.850746268656716,11.194029850746269,call_8a9391c1823b,0,train
3.6639999999999984,2.0088630283487885,2.1799999999999926,8.559999999999999,2.5999999999999996,15.0,0.5482703275323313,0.020420070011668887,2.0,1.1000000000000014,0.9799999999999969,0.12000000000000455,2.0799999999999983,1.1000000000000014,2.0,10.0,2.298823529411764,0.6168409305193783,1.480000000000004,3.299999999999997,2.219999999999999,17.0,2.0164705882352956,1.2400613892606052,0.480000000000004,3.8599999999999994,1.5399999999999991,17.0,17.0,17.0,0.999999941176474,142.0,7.183098591549296,7.183098591549296,0.8450704225352113,4.225352112676056,7.183098591549296,6.338028169014084,call_8ade6f74aa33,1,train
4.943076923076925,2.3880709453943556,2.4800000000000004,9.880000000000003,4.060000000000002,13.0,0.48311416137009827,0.03960396039603971,2.0,1.4300000000000024,0.9499999999999984,0.480000000000004,2.380000000000001,1.4300000000000024,2.0,9.0,3.012941176470588,1.5678826663252967,1.1400000000000006,7.019999999999996,2.6999999999999886,17.0,1.7674999999999996,1.612775170319782,0.21999999999999886,6.280000000000001,0.9899999999999984,16.0,16.0,20.0,0.799999960000002,160.0,6.0,7.5,0.75,3.375,6.375,4.875,call_8ae3fce602f3,1,train
2.5418181818181806,1.1900329879447453,1.4800000000000004,5.040000000000006,2.019999999999996,11.0,0.46818160648764423,0.020666979802724337,2.0,0.6099999999999994,0.3299999999999983,0.28000000000000114,0.9399999999999977,0.6099999999999994,2.0,9.0,1.8757142857142832,0.43662200529772377,1.2399999999999949,2.780000000000001,1.8199999999999932,14.0,4.258000000000001,2.7357404847682476,0.5,9.48,4.470000000000002,10.0,10.0,13.0,0.7692307100591762,131.0,4.580152671755726,5.954198473282443,0.9160305343511451,4.122137404580153,6.412213740458016,5.0381679389312986,call_8c2ebe3761bb,1,train
3.9146666666666694,2.26055411102873,0.3999999999999986,8.58,2.74,15.0,0.5774574762188145,0.016207951070336478,1.0,4.399999999999999,0.0,4.399999999999999,4.399999999999999,4.399999999999999,1.0,7.0,2.4461538461538477,1.075643195499171,1.3400000000000034,5.84,2.4399999999999977,13.0,7.2666666666666675,6.958767451527927,0.5,24.540000000000006,5.34,9.0,9.0,20.0,0.4499999775000011,151.0,3.576158940397351,7.9470198675496695,0.3973509933774835,2.781456953642384,5.1655629139072845,5.960264900662252,call_8c6b33721067,1,train
3.825882352941175,2.5691451057490817,1.6799999999999926,8.98,2.5799999999999983,17.0,0.6715168416658687,0.01669595782073808,1.0,0.5,0.0,0.5,0.5,0.5,1.0,10.0,2.1821052631578937,1.142202760815437,1.3000000000000007,6.700000000000003,1.8399999999999999,19.0,3.034666666666669,3.0688844154766657,0.3199999999999932,12.480000000000004,2.480000000000004,15.0,15.0,20.0,0.7499999625000018,176.0,5.113636363636364,6.818181818181818,0.34090909090909094,3.409090909090909,6.4772727272727275,5.795454545454546,call_8cafd2754e55,1,val
5.83529411764706,2.143274343964116,3.0400000000000063,9.280000000000001,5.0800000000000125,17.0,0.3672949355179038,0.04761904761904793,2.0,0.8000000000000043,0.5200000000000031,0.28000000000000114,1.3200000000000074,0.8000000000000043,2.0,7.0,2.9492307692307693,1.2966374354665444,1.3200000000000074,5.0800000000000125,3.0400000000000063,13.0,1.6275000000000013,1.0327118426744206,0.4399999999999977,4.18,1.3000000000000043,16.0,16.0,21.0,0.7619047256235845,136.0,7.0588235294117645,9.264705882352942,0.8823529411764706,3.088235294117647,5.735294117647059,7.5,call_8d3ea77f4bb4,1,train
3.2909999999999995,2.8222294378735384,0.7199999999999989,9.799999999999997,2.0300000000000025,20.0,0.857559580769966,0.07953855494839102,1.0,1.4399999999999977,0.0,1.4399999999999977,1.4399999999999977,1.4399999999999977,1.0,7.0,1.92875,1.2088004125992007,1.0199999999999996,5.3999999999999915,1.519999999999996,16.0,2.1960000000000006,1.7177380475497412,0.3400000000000034,5.539999999999999,1.6600000000000001,15.0,15.0,25.0,0.599999976000001,141.0,6.382978723404255,10.638297872340425,0.425531914893617,2.978723404255319,6.808510638297872,8.51063829787234,call_8d6cd93e02b8,0,train
3.502352941176472,1.9658482061314348,1.4800000000000004,8.880000000000003,2.8599999999999994,17.0,0.5612934155567066,0.08271007479102518,1.0,2.1599999999999966,0.0,2.1599999999999966,2.1599999999999966,2.1599999999999966,1.0,7.0,2.0000000000000018,0.5499946523804186,1.2000000000000028,3.0600000000000023,1.8599999999999994,17.0,3.7883333333333318,3.2515581734847596,0.5,10.439999999999998,3.519999999999996,12.0,12.0,25.0,0.4799999808000007,164.0,4.390243902439025,9.146341463414634,0.36585365853658536,2.5609756097560976,6.219512195121951,6.219512195121951,call_8d75a71e6126,1,val
3.698260869565215,2.830436519067122,0.8199999999999932,9.519999999999982,2.3200000000000003,23.0,0.7653423740379643,0.04983606557377083,0.0,0.0,0.0,0.0,0.0,0.0,0.0,9.0,1.932,0.8026057562714091,1.0999999999999943,4.16,1.6400000000000006,20.0,2.178571428571431,1.877086865875103,0.20000000000000284,6.5,1.7300000000000004,14.0,14.0,28.0,0.49999998214285774,185.0,4.54054054054054,9.08108108108108,0.0,2.918918918918919,6.486486486486486,7.459459459459459,call_8da8b9947630,0,val
3.8388235294117625,2.2903117752135116,1.8199999999999932,8.06,2.5,17.0,0.5966179901336789,0.0379421221864951,1.0,2.260000000000005,0.0,2.260000000000005,2.260000000000005,2.260000000000005,1.0,8.0,2.012857142857141,0.5010051121984519,1.1999999999999886,3.220000000000013,1.9399999999999977,14.0,3.1100000000000056,2.425436043271394,0.7400000000000091,7.879999999999999,2.6400000000000077,10.0,10.0,20.0,0.4999999750000012,129.0,4.651162790697675,9.30232558139535,0.46511627906976744,3.7209302325581395,6.511627906976744,7.906976744186047,call_8e6c9fa78a21,1,train
3.505555555555554,2.2075608012822743,1.039999999999992,8.720000000000006,2.4199999999999875,18.0,0.6297319031363977,0.029092488059053775,1.0,0.1599999999999966,0.0,0.1599999999999966,0.1599999999999966,0.1599999999999966,1.0,10.0,2.1736842105263143,0.6990234581284492,1.2999999999999972,4.02000000000001,2.0799999999999983,19.0,3.838333333333335,4.350137609573082,0.28000000000000114,13.939999999999998,2.580000000000002,12.0,12.0,20.0,0.5999999700000015,167.0,4.311377245508982,7.185628742514971,0.3592814371257485,3.5928143712574854,6.826347305389222,6.467065868263473,call_8ed994ce484f,1,train
3.287499999999999,2.573449776078795,0.29999999999999716,8.759999999999991,2.1199999999999974,16.0,0.7827981728610259,0.10677506775067777,0.0,0.0,0.0,0.0,0.0,0.0,0.0,6.0,1.7647058823529407,0.8500388755612296,1.1199999999999974,4.980000000000004,1.540000000000001,17.0,3.3545454545454563,3.0717018192063645,0.38000000000000966,9.22,1.8400000000000034,11.0,11.0,18.0,0.6111110771604957,127.0,5.196850393700787,8.503937007874015,0.0,2.8346456692913384,8.031496062992126,7.559055118110236,call_8ee1e10130a2,1,train
3.9250000000000003,2.57109736623619,1.9200000000000017,9.719999999999999,2.389999999999997,12.0,0.655056486924765,0.03184079601990089,0.0,0.0,0.0,0.0,0.0,0.0,0.0,6.0,1.9672727272727273,0.7027360930882408,1.3199999999999967,3.8599999999999994,1.9200000000000017,11.0,5.024999999999999,4.673315204434643,0.3199999999999932,14.520000000000001,3.4599999999999937,8.0,8.0,17.0,0.47058820761245834,120.0,4.0,8.5,0.0,3.0,5.5,6.0,call_8f8e2145bc91,1,train
4.155999999999997,2.611096321471116,1.8600000000000136,9.579999999999991,2.4799999999999898,15.0,0.6282713410009088,0.02458009012699722,2.0,7.220000000000001,6.9399999999999995,0.28000000000000114,14.16,7.220000000000001,2.0,8.0,2.9342857142857106,3.437718749997102,1.259999999999998,15.200000000000001,1.9699999999999989,14.0,5.424444444444446,4.800534949614378,0.7000000000000028,16.5,5.0,9.0,9.0,19.0,0.47368418559556913,144.0,3.75,7.916666666666667,0.8333333333333334,3.3333333333333335,5.833333333333334,6.25,call_9083846f078a,1,train
3.0442105263157875,1.9941343347809726,1.6199999999999974,8.819999999999993,2.1199999999999974,19.0,0.6550577440307982,0.12957222566645982,0.0,0.0,0.0,0.0,0.0,0.0,0.0,8.0,2.0033333333333334,0.8858203981495213,1.4200000000000017,5.539999999999999,1.7900000000000063,18.0,2.481538461538461,2.7538891272968464,0.3400000000000034,10.019999999999996,1.1000000000000014,13.0,13.0,21.0,0.6190475895691624,133.0,5.864661654135338,9.473684210526315,0.0,3.6090225563909772,8.120300751879698,8.571428571428571,call_91a25cd95998,1,train
3.5947368421052617,2.478147373428814,0.54,9.219999999999999,3.299999999999997,19.0,0.6893819472458343,0.03587443946188387,1.0,0.08000000000000185,0.0,0.08000000000000185,0.08000000000000185,0.08000000000000185,1.0,11.0,2.065833333333334,1.3700909844078073,1.0599999999999996,7.640000000000001,1.4999999999999991,24.0,1.7839999999999983,1.4593185624347635,0.29999999999999716,5.02,1.4399999999999977,15.0,15.0,23.0,0.6521738846880919,150.0,6.0,9.2,0.4,4.4,9.6,7.6,call_924e8a27e4de,0,train
2.8911111111111114,2.2966954252889558,0.1599999999999966,8.900000000000006,2.069999999999995,18.0,0.7943986040742952,0.1759750390015606,2.0,0.5000000000000062,0.27999999999999314,0.22000000000001307,0.7799999999999994,0.5000000000000062,2.0,24.0,3.9224999999999985,2.6454619161877946,1.2399999999999949,12.519999999999996,4.229999999999999,32.0,1.4906976744186051,1.8344473793676948,0.2600000000000051,9.159999999999997,0.7599999999999909,43.0,43.0,21.0,2.047618950113383,234.0,11.025641025641026,5.384615384615385,0.5128205128205129,6.153846153846154,8.205128205128206,4.615384615384616,call_925ba94f05a4,1,val
3.4111111111111123,1.9193890488870808,1.7600000000000007,9.040000000000006,2.5800000000000054,18.0,0.562687178364792,0.03983769826632276,1.0,0.4399999999999977,0.0,0.4399999999999977,0.4399999999999977,0.4399999999999977,1.0,9.0,2.8433333333333333,2.3740190956828178,1.3799999999999955,10.839999999999996,2.020000000000003,18.0,4.518333333333336,5.53494027871023,0.35999999999999943,17.279999999999998,2.3100000000000094,12.0,12.0,21.0,0.5714285442176883,172.0,4.186046511627907,7.325581395348837,0.3488372093023256,3.13953488372093,6.27906976744186,6.27906976744186,call_927c1f5f2007,1,train
3.9969230769230797,2.234000842281312,1.3399999999999999,7.8199999999999985,3.079999999999999,13.0,0.55893001700475,0.08776595744680799,1.0,0.3199999999999932,0.0,0.3199999999999932,0.3199999999999932,0.3199999999999932,1.0,6.0,3.512941176470587,2.7021032433488297,1.4000000000000057,11.019999999999996,2.6000000000000085,17.0,1.8800000000000017,1.1212047092302093,0.3400000000000034,3.319999999999993,1.730000000000004,8.0,8.0,26.0,0.30769229585798863,153.0,3.1372549019607847,10.19607843137255,0.3921568627450981,2.3529411764705883,6.666666666666667,5.098039215686275,call_9491f635b944,1,train
2.633636363636362,2.6744609405100777,0.03999999999999204,9.219999999999999,1.3099999999999987,22.0,1.0155008344874592,0.19222732971165835,4.0,1.3149999999999973,0.548703016211872,0.4199999999999875,1.8200000000000003,1.5100000000000007,4.0,11.0,1.770000000000001,0.7786877072707307,1.0799999999999983,4.579999999999998,1.4800000000000004,22.0,1.543870967741935,1.4051097475661884,0.21999999999999886,5.24,0.9000000000000057,31.0,31.0,25.0,1.2399999504000019,168.0,11.071428571428573,8.928571428571429,1.4285714285714286,3.928571428571429,7.857142857142858,7.857142857142858,call_94a8c8502249,0,train
2.6111111111111085,0.9238619960006553,1.6800000000000068,4.480000000000004,2.480000000000004,9.0,0.3538193523247547,0.07190760059612569,2.0,1.6000000000000014,0.8999999999999986,0.7000000000000028,2.5,1.6000000000000014,2.0,7.0,2.168571428571428,0.432250871978911,1.6800000000000068,2.799999999999997,1.860000000000003,7.0,5.368000000000001,5.8794231009513185,0.3800000000000239,19.440000000000012,3.4099999999999966,10.0,10.0,11.0,0.9090908264462886,149.0,4.026845637583892,4.429530201342282,0.8053691275167785,2.8187919463087248,2.8187919463087248,3.6241610738255035,call_957a8384caff,1,val
3.5517241379310356,2.6516072796097507,1.0,9.799999999999997,2.0799999999999983,29.0,0.7465688296911328,0.08410880458124523,3.0,0.9466666666666642,0.654081204608586,0.08000000000000185,1.6599999999999966,1.0999999999999943,3.0,13.0,2.2311111111111126,1.1515571851268533,1.019999999999996,6.019999999999982,1.839999999999999,27.0,2.539999999999999,2.7599604740252732,0.28000000000000114,11.36,1.509999999999998,22.0,22.0,34.0,0.6470588044982705,226.0,5.84070796460177,9.026548672566372,0.7964601769911505,3.4513274336283186,7.168141592920354,7.699115044247788,call_95ccefc6e4ce,0,val
3.397499999999999,2.888493335633648,0.7399999999999949,8.54,1.4900000000000002,16.0,0.8501817470057106,0.04473304473304502,1.0,0.01999999999999602,0.0,0.01999999999999602,0.01999999999999602,0.01999999999999602,1.0,5.0,1.7042857142857113,0.6320568948815799,1.1799999999999997,3.1199999999999903,1.3900000000000006,14.0,2.310000000000002,1.826444633707794,0.20000000000000284,6.100000000000001,1.7900000000000063,12.0,12.0,20.0,0.5999999700000015,135.0,5.333333333333333,8.88888888888889,0.4444444444444444,2.2222222222222223,6.222222222222222,7.111111111111111,call_9741efdd34af,0,train
1.6415384615384607,0.9144804843259504,0.1799999999999926,3.6000000000000085,1.7600000000000051,13.0,0.5570871159374347,0.12926391382405725,2.0,0.5899999999999963,0.3900000000000077,0.19999999999998863,0.980000000000004,0.5899999999999963,2.0,20.0,2.657241379310345,1.5370973463254887,1.1200000000000045,6.440000000000005,1.9800000000000004,29.0,1.0127272727272725,1.2590118124154577,0.19999999999999574,7.1200000000000045,0.5399999999999991,33.0,33.0,13.0,2.5384613431952814,142.0,13.943661971830986,5.492957746478873,0.8450704225352113,8.450704225352112,12.253521126760564,5.492957746478873,call_97701e543c60,1,train
3.070909090909091,2.4910072973341317,0.9199999999999982,8.459999999999994,1.6000000000000014,11.0,0.8111625621044187,0.08637873754152835,0.0,0.0,0.0,0.0,0.0,0.0,0.0,4.0,2.1472727272727266,1.92598069899274,1.0600000000000023,7.960000000000001,1.4599999999999937,11.0,2.0066666666666664,1.6706352750442632,0.26,6.939999999999998,1.620000000000001,15.0,15.0,15.0,0.9999999333333378,126.0,7.142857142857142,7.142857142857142,0.0,1.9047619047619047,5.238095238095238,5.238095238095238,call_989dad5aa1af,0,train
1.9014285714285708,1.2631132578042303,0.21999999999999886,5.959999999999999,1.6599999999999966,14.0,0.6642966306952067,0.023498694516970852,1.0,1.1000000000000014,0.0,1.1000000000000014,1.1000000000000014,1.1000000000000014,1.0,11.0,1.8409523809523818,0.703852695370306,1.1399999999999935,3.260000000000005,1.5999999999999943,21.0,2.4511999999999987,2.0196956602419114,0.2599999999999909,10.159999999999997,2.0999999999999943,25.0,25.0,20.0,1.249999937500003,215.0,6.976744186046512,5.5813953488372094,0.27906976744186046,3.069767441860465,5.8604651162790695,3.9069767441860463,call_9a3d5b0a64a3,0,val
3.18888888888889,2.5083170296012525,0.8200000000000074,8.68,1.8900000000000006,18.0,0.7865800065223416,0.12067260138476799,0.0,0.0,0.0,0.0,0.0,0.0,0.0,5.0,1.7106666666666663,0.6352686220979444,1.120000000000001,3.200000000000003,1.480000000000004,15.0,1.8381818181818195,1.2086191834397275,0.4200000000000017,3.799999999999999,1.1000000000000085,11.0,11.0,22.0,0.49999997727272827,123.0,5.365853658536586,10.731707317073171,0.0,2.439024390243903,7.317073170731708,8.78048780487805,call_9bb847dfc83e,0,val
3.038000000000001,1.835417118804337,1.8999999999999995,8.000000000000014,2.3000000000000007,10.0,0.6041529014652518,0.01043083900226743,1.0,3.8799999999999955,0.0,3.8799999999999955,3.8799999999999955,3.8799999999999955,1.0,8.0,2.0813333333333346,0.8758528542068145,1.0799999999999983,4.980000000000004,2.0199999999999996,15.0,4.900000000000001,1.734999199487484,2.1200000000000045,7.320000000000002,4.700000000000003,9.0,9.0,11.0,0.8181817438016598,141.0,3.829787234042553,4.680851063829787,0.425531914893617,3.404255319148936,6.382978723404255,4.25531914893617,call_9c2dbbd1fe2e,1,train
4.585714285714286,2.456215771948252,2.1999999999999957,9.560000000000002,3.54,21.0,0.5356232602577863,0.031026252983293832,2.0,1.3200000000000074,0.21999999999999886,1.1000000000000085,1.5400000000000063,1.3200000000000074,2.0,9.0,2.076,0.5590563477861622,1.1999999999999886,2.960000000000008,2.2200000000000006,15.0,2.3277777777777775,1.3543532919833636,0.29999999999999716,5.340000000000003,2.5199999999999996,18.0,18.0,23.0,0.7826086616257103,152.0,7.105263157894737,9.078947368421053,0.7894736842105263,3.5526315789473686,5.921052631578948,8.289473684210527,call_9dc1a304389f,1,train
2.663750000000001,2.417707785796291,0.480000000000004,9.260000000000005,1.6600000000000037,16.0,0.9076328026892491,0.15312682641729947,0.0,0.0,0.0,0.0,0.0,0.0,0.0,7.0,2.3052631578947347,1.5379801121876606,1.1599999999999966,7.940000000000005,1.6399999999999864,19.0,1.5554545454545456,2.16792260695627,0.23999999999999488,9.840000000000003,0.8000000000000034,22.0,22.0,17.0,1.2941175709342605,128.0,10.3125,7.96875,0.0,3.28125,8.90625,7.5,call_9f11e2c5441c,0,val
3.417777777777777,2.7283522816600327,0.10000000000000142,9.08,2.1299999999999955,18.0,0.7982822935760617,0.11416709911779975,2.0,0.5600000000000058,0.16000000000000014,0.4000000000000057,0.720000000000006,0.5600000000000058,2.0,9.0,1.9968421052631584,1.287662315293549,1.0600000000000023,5.8799999999999955,1.5400000000000063,19.0,1.8352380952380958,1.4967635530660306,0.21999999999999886,5.739999999999998,1.720000000000006,21.0,21.0,23.0,0.9130434385633287,158.0,7.974683544303797,8.734177215189874,0.759493670886076,3.4177215189873418,7.215189873417722,6.8354430379746836,call_a0fbbe7bfec4,0,train
2.3359999999999994,1.973615295171106,0.7399999999999949,6.97999999999999,1.4600000000000009,15.0,0.8448691996155422,0.07539267015706798,3.0,1.513333333333333,1.616938121539875,0.35999999999999943,3.8000000000000043,0.37999999999999545,3.0,6.0,2.1338461538461537,1.7234917083174643,1.0400000000000063,7.300000000000001,1.3999999999999986,13.0,2.247058823529411,2.209412391154457,0.32000000000000006,7.66,1.3799999999999955,17.0,17.0,18.0,0.9444443919753115,137.0,7.445255474452555,7.883211678832117,1.3138686131386863,2.6277372262773726,5.693430656934307,6.569343065693431,call_a2aa58c1750b,0,train
2.069411764705882,1.2704814769964177,0.1599999999999966,4.579999999999998,2.0799999999999983,17.0,0.6139333334869936,0.270693512304251,3.0,0.38000000000000256,0.2727636339397181,0.020000000000003126,0.6800000000000068,0.4399999999999977,3.0,12.0,2.372631578947369,1.2287470816167654,1.0599999999999987,5.579999999999998,1.9399999999999977,19.0,1.1175000000000004,1.014664353370118,0.29999999999999716,3.7799999999999994,0.7399999999999984,24.0,24.0,20.0,1.199999940000003,111.0,12.972972972972972,10.81081081081081,1.6216216216216215,6.486486486486486,10.27027027027027,9.18918918918919,call_a381913d938c,1,train
2.7800000000000016,1.4359539116432798,1.8400000000000034,6.58,2.1000000000000014,11.0,0.5165299982421873,0.03072421360643757,0.0,0.0,0.0,0.0,0.0,0.0,0.0,8.0,1.8712500000000005,0.4530435271582613,1.0600000000000023,2.739999999999995,1.9200000000000035,16.0,2.4854545454545462,1.3323415043814846,0.4000000000000057,5.18,2.5999999999999943,11.0,11.0,15.0,0.7333332844444478,129.0,5.116279069767442,6.976744186046512,0.0,3.7209302325581395,7.441860465116279,5.116279069767442,call_a3a1f51a4bf9,1,val
4.574285714285714,2.821716079383796,1.8999999999999986,9.96,3.0799999999999983,14.0,0.6168647169779373,0.08090614886731383,1.0,0.8599999999999994,0.0,0.8599999999999994,0.8599999999999994,0.8599999999999994,1.0,8.0,2.6487499999999993,0.8135406796835666,1.2800000000000011,4.5600000000000005,2.3900000000000006,16.0,1.2360000000000013,1.0968609756938204,0.20000000000000284,4.220000000000001,0.8699999999999974,20.0,20.0,18.0,1.1111110493827194,139.0,8.633093525179856,7.76978417266187,0.4316546762589928,3.4532374100719423,6.906474820143885,6.043165467625899,call_a426226cf8b9,1,train
2.3746666666666667,1.765347431967872,0.3999999999999986,6.740000000000009,1.6999999999999993,15.0,0.7434082068611728,0.09045971329708338,1.0,0.21999999999999886,0.0,0.21999999999999886,0.21999999999999886,0.21999999999999886,1.0,6.0,2.0294117647058805,1.19463738327103,1.0999999999999943,6.420000000000002,1.6799999999999997,17.0,2.247777777777779,2.6606276526738655,0.2400000000000091,10.180000000000007,1.3700000000000045,18.0,18.0,22.0,0.8181817809917372,165.0,6.545454545454546,8.0,0.36363636363636365,2.1818181818181817,6.181818181818182,5.454545454545454,call_a4683528fef4,0,train
4.3618181818181805,1.6355695042723777,2.3999999999999915,8.920000000000002,3.8999999999999915,11.0,0.3749741646994654,0.0663063063063064,2.0,6.15,3.089999999999998,3.0600000000000023,9.239999999999998,6.15,2.0,7.0,3.3470588235294114,2.0324883754993017,1.1599999999999966,10.0,3.1599999999999966,17.0,3.700000000000001,3.281138013962025,0.8599999999999994,13.78,3.0,15.0,15.0,19.0,0.7894736426592819,181.0,4.972375690607735,6.298342541436464,0.6629834254143646,2.320441988950276,5.6353591160221,3.6464088397790055,call_a49598543013,1,train
5.0371428571428565,2.362454621095334,2.8400000000000034,9.940000000000001,3.960000000000001,14.0,0.4690067800516131,0.007425742574257709,1.0,0.18000000000000682,0.0,0.18000000000000682,0.18000000000000682,0.18000000000000682,1.0,8.0,2.690000000000001,0.9415412895885125,1.6200000000000045,4.700000000000003,2.8800000000000026,14.0,1.6159999999999997,1.0786213422698432,0.3200000000000074,3.919999999999998,1.5,15.0,15.0,15.0,0.9999999333333378,123.0,7.317073170731708,7.317073170731708,0.48780487804878053,3.9024390243902443,6.829268292682928,6.829268292682928,call_a6481017c744,1,train
4.057142857142856,2.577021430990112,1.5,9.440000000000005,2.479999999999997,21.0,0.6351811820655814,0.0,0.0,0.0,0.0,0.0,0.0,0.0,0.0,9.0,1.682499999999998,0.34342939594624117,1.2000000000000028,2.219999999999999,1.7500000000000036,16.0,3.0711111111111156,1.5915641813039987,0.44000000000001194,6.0,2.9000000000000057,9.0,9.0,24.0,0.37499998437500065,136.0,3.9705882352941178,10.588235294117647,0.0,3.9705882352941178,7.0588235294117645,9.264705882352942,call_a71916766a4f,1,train
2.0933333333333337,1.3725726048393785,0.060000000000002274,4.920000000000002,1.5899999999999999,12.0,0.6556872368561184,0.17344173441734434,1.0,0.20000000000000284,0.0,0.20000000000000284,0.20000000000000284,0.20000000000000284,1.0,8.0,2.165333333333334,1.0958458934641429,1.1600000000000037,5.180000000000001,1.8800000000000008,15.0,1.476,1.897920967796077,0.20000000000000284,6.84,0.5399999999999991,20.0,20.0,13.0,1.5384614201183524,93.0,12.903225806451612,8.387096774193548,0.6451612903225806,5.161290322580645,9.67741935483871,7.741935483870967,call_a766613f8c8a,0,train
2.2771428571428554,2.335076511150153,0.11999999999999744,9.939999999999998,1.2600000000000051,21.0,1.025440928479585,0.26905041031652954,4.0,1.1099999999999959,0.6450581369148047,0.01999999999999602,1.6999999999999886,1.3599999999999994,4.0,12.0,1.8255555555555536,0.8989822778022193,1.019999999999996,4.47999999999999,1.44,18.0,1.1373333333333335,1.1585362412208875,0.19999999999998863,5.0,0.6000000000000014,30.0,30.0,21.0,1.428571360544221,123.0,14.634146341463415,10.24390243902439,1.9512195121951221,5.853658536585367,8.78048780487805,10.24390243902439,call_a7c95e99f3b6,0,val
3.4787500000000007,2.1489005182883645,1.8799999999999955,8.380000000000003,2.4300000000000033,16.0,0.6177218542771138,0.019424210891432554,2.0,2.0100000000000016,0.9100000000000001,1.1000000000000014,2.9200000000000017,2.0100000000000016,2.0,11.0,2.638947368421054,1.7379173705051691,1.1000000000000014,9.68,2.2799999999999994,19.0,3.844,2.9460500108902887,0.3999999999999986,13.14,3.5,15.0,15.0,16.0,0.9374999414062536,173.0,5.202312138728324,5.5491329479768785,0.6936416184971098,3.815028901734104,6.589595375722544,5.5491329479768785,call_a7df1d46e72b,1,train
3.613333333333332,2.230288969817341,0.0,8.860000000000003,2.589999999999998,24.0,0.6172384739609412,0.09857819905213293,0.0,0.0,0.0,0.0,0.0,0.0,0.0,6.0,2.0320000000000027,0.6555120136198866,1.1999999999999957,3.5,1.960000000000008,20.0,2.009523809523808,1.3398168893741231,0.2600000000000051,5.779999999999998,1.8599999999999994,21.0,21.0,29.0,0.7241379060642101,168.0,7.500000000000001,10.357142857142858,0.0,2.142857142857143,7.142857142857143,8.571428571428571,call_a7ea289a43fd,1,train
3.360000000000003,2.0211754006023304,1.8400000000000034,8.62,2.4999999999999964,16.0,0.6015401187685148,0.028489116517285543,0.0,0.0,0.0,0.0,0.0,0.0,0.0,9.0,2.198823529411764,0.36759764373790443,1.519999999999996,2.8599999999999994,2.200000000000003,17.0,5.6800000000000015,6.4757224939138505,0.37999999999999545,23.78,3.180000000000007,11.0,11.0,17.0,0.6470587854671302,163.0,4.049079754601227,6.257668711656441,0.0,3.312883435582822,6.257668711656441,5.889570552147239,call_a8ca5b456ce4,1,train
2.685454545454545,1.8601093009740703,0.34000000000000075,6.579999999999998,1.8599999999999999,11.0,0.6926606192094774,0.16168478260869554,3.0,3.0333333333333337,2.6069820781040205,0.7400000000000002,6.6800000000000015,1.6800000000000006,3.0,5.0,4.747272727272726,3.895669135916053,1.3600000000000003,11.519999999999996,1.8999999999999915,11.0,2.102857142857144,2.0435942726041314,0.3200000000000003,6.700000000000001,1.9000000000000057,7.0,7.0,15.0,0.46666663555555765,100.0,4.2,9.0,1.7999999999999998,3.0,6.6,6.6,call_a9d29125d786,1,train
3.5200000000000005,2.961891287674144,0.54,9.84,1.6799999999999997,15.0,0.8414461494965892,0.1203351104341207,0.0,0.0,0.0,0.0,0.0,0.0,0.0,7.0,1.866666666666668,0.9547076341302925,1.1000000000000014,4.679999999999993,1.5799999999999985,18.0,1.5447058823529407,1.4433218125807141,0.21999999999999886,4.859999999999999,0.74,17.0,17.0,18.0,0.9444443919753115,119.0,8.571428571428571,9.07563025210084,0.0,3.5294117647058822,9.07563025210084,7.563025210084033,call_abf730747901,0,val
4.959999999999999,2.416009105943104,2.280000000000001,9.379999999999995,4.050000000000001,8.0,0.48709851186382913,0.0063119927862939846,1.0,10.540000000000006,0.0,10.540000000000006,10.540000000000006,10.540000000000006,1.0,6.0,3.6400000000000006,3.1207807880837684,1.2000000000000028,12.800000000000011,3.179999999999996,11.0,6.337142857142857,5.200960664794023,0.8400000000000034,17.18,6.5,7.0,7.0,14.0,0.49999996428571686,146.0,2.8767123287671237,5.753424657534247,0.4109589041095891,2.4657534246575343,4.52054794520548,3.2876712328767126,call_ac80248cae29,1,train
2.8588235294117643,2.4104133947445647,0.7999999999999972,8.64,1.580000000000001,17.0,0.8431484233978273,0.04847396768402146,1.0,1.0999999999999943,0.0,1.0999999999999943,1.0999999999999943,1.0999999999999943,1.0,9.0,1.8771428571428561,0.8691821161416131,1.1999999999999886,4.240000000000009,1.519999999999996,21.0,2.2280000000000006,1.9198444381424962,0.29999999999999716,6.02000000000001,1.6599999999999966,15.0,15.0,21.0,0.7142856802721105,148.0,6.081081081081081,8.513513513513512,0.4054054054054054,3.6486486486486487,8.513513513513512,6.891891891891891,call_acda78859d0d,0,train
3.5600000000000005,2.0874386218521495,1.1999999999999993,8.5,2.8100000000000023,8.0,0.586358998734031,0.02169811320754732,2.0,1.63,0.9300000000000024,0.6999999999999975,2.5600000000000023,1.63,2.0,7.0,2.5016666666666683,1.0225607833060844,1.1999999999999993,4.140000000000001,2.369999999999999,12.0,1.1777777777777763,0.9551239335264614,0.28000000000000114,3.4400000000000013,0.6299999999999937,18.0,18.0,13.0,1.384615278106517,116.0,9.310344827586206,6.724137931034483,1.0344827586206897,3.6206896551724137,6.206896551724138,4.137931034482759,call_ad8e23b11d98,1,train
3.0239999999999974,1.2921547894892478,2.0799999999999983,6.460000000000001,2.299999999999997,10.0,0.4272997229462718,0.22234636871508334,0.0,0.0,0.0,0.0,0.0,0.0,0.0,7.0,2.1563636363636345,0.829405841302542,1.1199999999999974,3.4000000000000004,2.1799999999999926,11.0,1.6272727272727279,1.2340995311937226,0.46000000000000796,4.300000000000001,0.9399999999999977,11.0,11.0,11.0,0.9999999090909174,116.0,5.689655172413793,5.689655172413793,0.0,3.6206896551724137,5.689655172413793,5.172413793103448,call_adf30039caa2,1,train
3.6659999999999995,1.7026579221910654,1.7600000000000051,7.739999999999995,3.159999999999995,20.0,0.4644455694886787,0.14654654654654678,3.0,1.293333333333333,1.3146693711939736,0.0799999999999983,3.120000000000001,0.6799999999999997,3.0,8.0,2.291764705882354,0.7331498145120336,1.1200000000000045,4.0600000000000005,2.180000000000007,17.0,2.0812499999999985,1.9803972928430271,0.28000000000000114,6.699999999999989,1.2500000000000053,16.0,16.0,22.0,0.7272726942148775,128.0,7.5,10.3125,1.40625,3.75,7.96875,9.375,call_aed9b45d6c31,1,train
4.50222222222222,1.4371095819794955,2.3999999999999986,7.3799999999999955,4.339999999999999,9.0,0.31919998432911173,0.006793478260869583,0.0,0.0,0.0,0.0,0.0,0.0,0.0,6.0,2.8636363636363655,1.395390285757633,1.240000000000002,5.959999999999997,2.3999999999999986,11.0,4.014545454545454,2.353690964639322,0.3000000000000007,7.799999999999997,3.5999999999999996,11.0,11.0,12.0,0.9166665902777842,142.0,4.647887323943662,5.070422535211268,0.0,2.535211267605634,4.647887323943662,3.8028169014084505,call_af9ad367dcce,1,val
4.012727272727272,2.2961908809991116,1.7199999999999989,9.600000000000001,3.3300000000000054,22.0,0.5722268553804899,0.07187718073970749,0.0,0.0,0.0,0.0,0.0,0.0,0.0,9.0,2.0810526315789475,0.7800802572532085,1.2399999999999949,4.039999999999999,1.8599999999999994,19.0,2.388333333333333,1.1112592956741556,0.6800000000000068,5.34,2.1199999999999974,12.0,12.0,25.0,0.4799999808000007,155.0,4.64516129032258,9.67741935483871,0.0,3.4838709677419355,7.354838709677419,8.516129032258064,call_b0836ff3142a,1,train
3.446666666666667,2.532280482972708,1.8199999999999932,9.480000000000018,2.059999999999988,9.0,0.7347039888593961,0.0,0.0,0.0,0.0,0.0,0.0,0.0,0.0,7.0,2.221666666666663,0.5238611987497801,1.4399999999999977,3.5,2.159999999999993,12.0,5.669090909090912,6.069832189601074,0.5800000000000125,21.16000000000001,3.3200000000000003,11.0,11.0,10.0,1.099999890000011,160.0,4.125,3.75,0.0,2.625,4.5,3.375,call_b167dd907a80,1,train
4.085333333333329,2.1990842538555815,1.7999999999999972,8.22,2.759999999999991,15.0,0.5382874630143898,0.0,0.0,0.0,0.0,0.0,0.0,0.0,0.0,8.0,2.0253333333333297,0.46046160414184933,1.240000000000002,2.759999999999991,2.1199999999999974,15.0,8.317500000000004,5.85411340426541,3.640000000000015,20.299999999999997,5.5,8.0,8.0,20.0,0.399999980000001,185.0,2.5945945945945943,6.486486486486486,0.0,2.5945945945945943,4.864864864864865,4.864864864864865,call_b2594d9c3ffd,1,train
2.8516666666666697,2.269676310744676,0.3399999999999963,9.320000000000007,1.9100000000000055,12.0,0.7959119280535635,0.04094076655052264,0.0,0.0,0.0,0.0,0.0,0.0,0.0,6.0,1.7093333333333323,0.5152535513921502,1.1999999999999886,3.1599999999999966,1.5,15.0,2.551111111111112,1.785873234548451,0.38000000000000256,6.5000000000000036,1.7399999999999998,9.0,9.0,17.0,0.5294117335640156,126.0,4.285714285714286,8.095238095238095,0.0,2.857142857142857,7.142857142857142,5.714285714285714,call_b382ffa5187d,0,train
3.238000000000002,2.399240713225749,0.46000000000000085,9.980000000000004,2.4600000000000044,10.0,0.7409635491853607,0.027232425585813833,0.0,0.0,0.0,0.0,0.0,0.0,0.0,5.0,2.7923076923076944,2.7586009660588497,1.2800000000000011,12.079999999999998,1.7999999999999972,13.0,2.2557142857142822,1.6515997192579874,0.28000000000000114,5.859999999999999,1.6999999999999993,14.0,14.0,19.0,0.7368420664819965,126.0,6.666666666666666,9.047619047619047,0.0,2.380952380952381,6.19047619047619,4.761904761904762,call_b3f14bd5c2b6,1,train
1.1228571428571434,1.1132412687503919,0.09999999999999432,4.16,0.6300000000000003,14.0,0.9914353614764897,0.4867136043606632,10.0,7.75,8.562360655800482,0.1599999999999966,23.760000000000005,1.8900000000000006,10.0,3.0,2.586,2.6192831080278483,1.2800000000000011,10.360000000000014,1.6799999999999962,10.0,3.8286956521739124,5.565111276162235,0.30000000000000426,26.86,2.539999999999992,23.0,23.0,20.0,1.149999942500003,141.0,9.787234042553191,8.51063829787234,4.25531914893617,1.276595744680851,4.25531914893617,5.957446808510638,call_b41c86402714,0,train
4.773333333333332,2.1659691184830465,0.4800000000000004,7.0,5.5,6.0,0.4537643850667588,0.03502713369511623,2.0,0.6300000000000008,0.1899999999999995,0.4400000000000013,0.8200000000000003,0.6300000000000008,2.0,4.0,3.9511111111111124,2.0020458671871086,1.720000000000013,7.0,3.1400000000000006,9.0,2.252222222222223,1.3755021529752351,0.8000000000000043,5.980000000000004,1.9400000000000013,18.0,18.0,14.0,1.2857141938775576,136.0,7.9411764705882355,6.176470588235294,0.8823529411764706,1.7647058823529411,3.9705882352941178,2.6470588235294117,call_b5840ec7dd5e,1,train
2.907272727272726,2.5377194160723806,1.1599999999999966,9.299999999999997,1.5999999999999979,11.0,0.8728863031596893,0.018558951965064914,0.0,0.0,0.0,0.0,0.0,0.0,0.0,7.0,1.8079999999999976,0.7745209271973656,1.2199999999999989,4.060000000000002,1.5200000000000005,15.0,1.832,1.2762507590595196,0.29999999999999716,3.619999999999999,1.7900000000000027,10.0,10.0,14.0,0.7142856632653098,114.0,5.2631578947368425,7.36842105263158,0.0,3.68421052631579,7.894736842105264,5.7894736842105265,call_b5c4803ea37c,0,train
2.3672000000000013,1.8661436600647863,0.40000000000000213,6.780000000000001,1.3399999999999999,25.0,0.7883334199608674,0.2049261083743835,1.0,0.8000000000000114,0.0,0.8000000000000114,0.8000000000000114,0.8000000000000114,1.0,8.0,1.7161904761904785,0.9066656662659551,1.039999999999992,5.420000000000002,1.5,21.0,1.4499999999999973,1.2803403565347107,0.21999999999999886,5.219999999999999,1.1000000000000014,28.0,28.0,26.0,1.0769230355029602,160.0,10.5,9.75,0.375,3.0,7.875,9.375,call_b5cc1f8d8fee,0,val
2.7808333333333315,2.5772238239797653,0.4399999999999977,9.859999999999985,1.5100000000000016,24.0,0.9267807841290918,0.1897251013970259,2.0,1.1599999999999966,0.3400000000000034,0.8199999999999932,1.5,1.1599999999999966,2.0,12.0,1.6192000000000004,0.5651330462820243,1.039999999999992,3.280000000000001,1.4799999999999995,25.0,1.8491666666666646,1.3663330385459556,0.29999999999999716,5.699999999999999,1.6399999999999988,24.0,24.0,30.0,0.7999999733333342,189.0,7.6190476190476195,9.523809523809524,0.6349206349206349,3.8095238095238098,7.936507936507937,7.6190476190476195,call_b658b1155216,0,val
3.3573333333333326,2.161306600698343,0.3399999999999892,9.719999999999999,2.9000000000000057,15.0,0.6437567385648147,0.1449413257215353,2.0,0.19000000000001194,0.010000000000005116,0.18000000000000682,0.20000000000001705,0.19000000000001194,2.0,19.0,3.271428571428572,2.5129517565230426,1.0200000000000031,13.519999999999996,2.6600000000000037,28.0,1.5380487804878054,1.5528466692201988,0.2600000000000193,6.079999999999998,1.1199999999999903,41.0,41.0,15.0,2.733333151111123,206.0,11.941747572815535,4.368932038834951,0.5825242718446603,5.533980582524272,8.155339805825243,4.368932038834951,call_b712f501aeb8,1,val
5.0299999999999985,2.2704992108932047,2.8799999999999955,9.019999999999996,3.9899999999999993,12.0,0.4513914034794835,0.02599557522123907,3.0,0.24666666666666734,0.12256517540567013,0.10000000000000142,0.4000000000000057,0.23999999999999488,3.0,7.0,3.4046153846153833,1.2893445883299075,1.6400000000000006,6.599999999999994,3.1599999999999966,13.0,2.582857142857143,1.772437500697148,0.28000000000000114,5.32,2.7399999999999984,14.0,14.0,23.0,0.6086956257088858,156.0,5.384615384615384,8.846153846153847,1.1538461538461537,2.692307692307692,5.0,4.615384615384615,call_b72eccd91b8c,1,train
2.736470588235295,2.178172307710327,0.9000000000000004,7.060000000000009,1.4399999999999995,17.0,0.7959784114239585,0.17618170656844692,3.0,0.8933333333333332,1.1368181717212107,0.03999999999999915,2.5,0.14000000000000057,3.0,9.0,1.717500000000001,0.6561202252636339,1.0199999999999996,3.4200000000000017,1.4300000000000015,16.0,1.8099999999999998,1.5799050604387594,0.2799999999999976,6.32,1.0,18.0,18.0,19.0,0.9473683711911383,133.0,8.120300751879698,8.571428571428571,1.3533834586466165,4.060150375939849,7.2180451127819545,7.669172932330826,call_b78e6c8e05d3,0,train
3.393846153846156,2.12651227080161,1.5200000000000102,7.52,2.239999999999995,13.0,0.6265786803014067,0.04740259740259679,0.0,0.0,0.0,0.0,0.0,0.0,0.0,7.0,1.8320000000000012,0.7309464184649026,1.0999999999999943,4.1200000000000045,1.6799999999999997,15.0,2.799999999999997,2.767552249650484,0.2599999999999909,8.6,1.6999999999999957,11.0,11.0,22.0,0.49999997727272827,160.0,4.125,8.25,0.0,2.625,5.625,4.875,call_b7c3a7552903,1,train
3.376190476190477,2.141869401982156,0.8200000000000003,9.120000000000005,2.259999999999998,21.0,0.6344040073221594,0.12377850162866466,1.0,0.31999999999999673,0.0,0.31999999999999673,0.31999999999999673,0.31999999999999673,1.0,9.0,2.1877777777777787,0.7656265085649028,1.3400000000000034,4.640000000000001,1.910000000000002,18.0,1.6373333333333326,1.356876150902832,0.21999999999999886,4.379999999999999,1.1599999999999966,15.0,15.0,23.0,0.6521738846880919,130.0,6.923076923076923,10.615384615384617,0.46153846153846156,4.153846153846154,8.307692307692308,9.692307692307693,call_b956718b62ae,1,train
2.456190476190477,2.3695257234718965,0.3399999999999892,9.160000000000004,1.480000000000004,21.0,0.9647153922816317,0.2684379294548791,3.0,1.253333333333335,1.3149735950031631,0.14000000000000057,3.0999999999999943,0.5200000000000102,3.0,11.0,1.8599999999999974,0.9788233947425011,1.019999999999996,4.699999999999989,1.3599999999999994,21.0,1.3230303030303041,2.062549885308172,0.2400000000000091,10.559999999999995,0.46000000000000796,33.0,33.0,23.0,1.4347825463138022,137.0,14.452554744525548,10.072992700729927,1.3138686131386863,4.817518248175182,9.197080291970803,9.197080291970803,call_b96e9305d9a2,0,train
2.5226086956521727,2.3230138171580057,0.07999999999998408,9.220000000000013,1.6400000000000006,23.0,0.9208772253439843,0.11410459587955625,1.0,1.1399999999999935,0.0,1.1399999999999935,1.1399999999999935,1.1399999999999935,1.0,8.0,1.6810526315789476,0.679147257397039,1.0599999999999952,3.740000000000002,1.4399999999999977,19.0,1.3521428571428573,1.1955792294438499,0.20000000000000284,4.039999999999992,0.8499999999999943,28.0,28.0,24.0,1.1666666180555576,165.0,10.181818181818182,8.727272727272727,0.36363636363636365,2.909090909090909,6.909090909090909,8.363636363636363,call_bac44092a11a,0,train
3.2290909090909112,1.5140400772013591,1.7800000000000011,6.559999999999999,2.6199999999999974,11.0,0.4688748787047093,0.03333333333333339,1.0,1.1600000000000001,0.0,1.1600000000000001,1.1600000000000001,1.1600000000000001,1.0,7.0,2.5973333333333355,1.0955879192875795,1.3000000000000043,4.899999999999999,2.0400000000000063,15.0,3.2769230769230755,3.053954270513973,0.40000000000000213,11.280000000000001,2.219999999999999,13.0,13.0,14.0,0.9285713622449028,149.0,5.23489932885906,5.6375838926174495,0.40268456375838924,2.8187919463087248,6.040268456375839,4.429530201342282,call_bba20372ca37,1,train
4.114285714285713,2.1369862433065947,2.280000000000001,8.18,3.120000000000001,14.0,0.5194062523368889,0.03700848111025445,0.0,0.0,0.0,0.0,0.0,0.0,0.0,5.0,3.1636363636363636,2.887185709703145,1.5599999999999987,12.18,2.3200000000000003,11.0,1.441111111111112,1.1519157419460895,0.240000000000002,4.359999999999999,1.0900000000000034,18.0,18.0,17.0,1.0588234671280312,112.0,9.642857142857142,9.107142857142858,0.0,2.6785714285714284,5.892857142857142,7.5,call_bc24a38d8bf2,1,train
3.374074074074076,2.528262848587955,0.4399999999999977,9.120000000000005,2.039999999999999,27.0,0.7493202709135831,0.1350844277673551,2.0,1.37,0.34999999999999876,1.0200000000000014,1.7199999999999989,1.37,2.0,13.0,1.9578571428571432,1.1872457837450534,1.0800000000000125,6.719999999999999,1.5799999999999983,28.0,1.5989999999999995,1.123467400506126,0.26000000000000156,3.58,1.1499999999999986,20.0,20.0,32.0,0.6249999804687506,192.0,6.25,10.0,0.625,4.0625,8.75,8.4375,call_bc2c7c34acea,0,val
3.045882352941178,2.28765242841171,0.10000000000000142,7.740000000000002,1.9399999999999977,17.0,0.7510637024896892,0.08263236021771443,4.0,0.7249999999999996,0.25937424698685796,0.35999999999999943,1.0799999999999983,0.7300000000000004,4.0,8.0,1.8988235294117648,0.6650774599109961,1.1199999999999974,3.360000000000003,1.6799999999999926,17.0,1.684166666666665,1.1040981110793058,0.3399999999999963,4.800000000000001,1.3000000000000007,24.0,24.0,25.0,0.9599999616000015,157.0,9.171974522292993,9.554140127388536,1.5286624203821655,3.057324840764331,6.496815286624204,6.496815286624204,call_bc7120020303,0,train
3.184000000000002,2.6572647591085103,0.3400000000000034,9.780000000000001,2.0,25.0,0.8345678154964489,0.10830324909747294,3.0,1.4000000000000057,1.188949115816153,0.5,3.0800000000000125,0.6200000000000045,3.0,10.0,2.1335714285714267,1.2680812679165372,1.0600000000000023,6.940000000000005,1.6600000000000001,28.0,1.9043750000000021,1.1583256706880878,0.21999999999999886,5.140000000000001,1.5399999999999991,32.0,32.0,42.0,0.7619047437641728,273.0,7.032967032967033,9.230769230769232,0.6593406593406593,2.197802197802198,6.153846153846154,5.4945054945054945,call_bd2262567810,0,train
3.054444444444444,2.122417966539898,0.960000000000008,7.700000000000003,2.4699999999999984,18.0,0.6948619659913201,0.14491882140709592,2.0,1.6600000000000001,1.379999999999999,0.28000000000000114,3.039999999999999,1.6600000000000001,2.0,14.0,2.619090909090907,1.4443177347828497,1.2000000000000028,5.659999999999997,2.0599999999999987,22.0,1.5118181818181826,1.245627393447086,0.21999999999999886,4.179999999999993,1.0900000000000105,22.0,22.0,21.0,1.0476189977324286,151.0,8.741721854304636,8.344370860927153,0.794701986754967,5.562913907284768,8.741721854304636,7.152317880794702,call_bd98a8224da0,0,val
3.1487500000000006,2.5366116055675527,1.0,9.86,1.7599999999999998,16.0,0.8055929495751021,0.06405472636815958,1.0,1.2600000000000051,0.0,1.2600000000000051,1.2600000000000051,1.2600000000000051,1.0,8.0,1.613684210526317,0.5659106357415714,1.0199999999999996,3.1599999999999966,1.4600000000000009,19.0,1.8917647058823501,1.5446767615193326,0.2799999999999869,6.32,1.7000000000000028,17.0,17.0,21.0,0.8095237709750585,143.0,7.132867132867133,8.811188811188812,0.4195804195804196,3.3566433566433567,7.9720279720279725,6.713286713286713,call_bda847d77eef,0,train
3.7233333333333323,2.2391392195315696,1.8599999999999994,9.4,2.429999999999998,18.0,0.6013801123056736,0.029411764705882203,2.0,1.5299999999999976,1.0100000000000016,0.519999999999996,2.539999999999999,1.5299999999999976,2.0,12.0,2.139090909090908,0.7791948588762441,1.1000000000000014,4.339999999999989,2.1999999999999957,22.0,1.949333333333334,1.7365232186437611,0.259999999999998,7.0,1.2999999999999972,15.0,15.0,22.0,0.6818181508264477,158.0,5.69620253164557,8.354430379746836,0.759493670886076,4.556962025316456,8.354430379746836,6.8354430379746836,call_bdfa814252df,1,train
2.529473684210526,2.3356583061294924,0.5800000000000054,9.5,1.6400000000000006,19.0,0.9233768263067137,0.2518518518518526,1.0,1.1800000000000015,0.0,1.1800000000000015,1.1800000000000015,1.1800000000000015,1.0,8.0,2.1599999999999993,1.9136303071337868,1.08,9.219999999999999,1.3399999999999892,21.0,1.2789473684210535,1.0518049385740995,0.2400000000000091,3.4000000000000057,1.1199999999999974,19.0,19.0,21.0,0.9047618616780065,130.0,8.76923076923077,9.692307692307693,0.46153846153846156,3.6923076923076925,9.692307692307693,8.76923076923077,call_be72006df132,0,val
2.8781818181818206,2.0556344660107317,1.0,8.139999999999986,1.7800000000000047,22.0,0.7142126111743305,0.060218112849691405,1.0,1.6599999999999966,0.0,1.6599999999999966,1.6599999999999966,1.6599999999999966,1.0,9.0,1.6695238095238114,0.603154218536079,1.0800000000000125,2.960000000000001,1.4000000000000057,21.0,1.8339130434782593,1.7305584399775975,0.21999999999999886,7.699999999999999,1.0799999999999983,23.0,23.0,26.0,0.8846153505917173,166.0,8.313253012048193,9.397590361445783,0.3614457831325301,3.253012048192771,7.590361445783133,7.951807228915663,call_bf0384ed27ed,0,val
2.2150000000000016,1.6599774094848405,0.35999999999999943,7.340000000000003,1.6700000000000053,16.0,0.7494251286951289,0.21201232032854292,1.0,0.03999999999999915,0.0,0.03999999999999915,0.03999999999999915,0.03999999999999915,1.0,11.0,1.8263636363636377,0.7507907676972997,1.0200000000000102,3.859999999999985,1.5000000000000036,22.0,1.7709090909090899,2.189875274760702,0.21999999999999886,9.280000000000001,0.9499999999999993,22.0,22.0,17.0,1.2941175709342605,149.0,8.859060402684564,6.845637583892617,0.40268456375838924,4.429530201342282,8.859060402684564,6.442953020134228,call_bf4ed1a05c84,0,train
3.9733333333333296,1.8414293964804145,0.5999999999999943,9.119999999999997,3.6599999999999966,15.0,0.46344687911917876,0.049717514124294114,0.0,0.0,0.0,0.0,0.0,0.0,0.0,5.0,3.0106666666666673,1.9287006564581823,1.7200000000000024,9.36,2.1200000000000045,15.0,5.900000000000002,6.092164366353442,0.29999999999999716,17.88,3.0800000000000125,12.0,12.0,16.0,0.7499999531250029,183.0,3.934426229508197,5.245901639344263,0.0,1.639344262295082,4.918032786885246,4.918032786885246,call_c04725672945,1,val
4.016363636363638,1.7151054710598719,2.4000000000000057,8.38,3.719999999999999,11.0,0.427029322868629,0.07789678675754602,1.0,0.4399999999999977,0.0,0.4399999999999977,0.4399999999999977,0.4399999999999977,1.0,5.0,2.30909090909091,0.7606391396887534,1.1799999999999997,4.000000000000001,2.220000000000006,11.0,2.934285714285713,2.6226641696829542,0.4399999999999977,7.460000000000001,1.1799999999999926,7.0,7.0,13.0,0.5384614970414233,91.0,4.615384615384616,8.571428571428571,0.6593406593406593,3.296703296703297,7.252747252747253,7.252747252747253,call_c1cbe639d50f,1,train
2.8520000000000008,1.702168029308505,1.5,7.359999999999999,1.9600000000000009,15.0,0.5968329005875189,0.1553398058252429,0.0,0.0,0.0,0.0,0.0,0.0,0.0,7.0,1.9400000000000006,1.1933147112141038,1.1400000000000006,6.420000000000002,1.5700000000000003,16.0,1.8727272727272721,1.8173561761730648,0.37999999999999545,6.500000000000002,1.0600000000000023,11.0,11.0,18.0,0.6111110771604957,110.0,6.0,9.818181818181818,0.0,3.8181818181818183,8.727272727272728,8.181818181818182,call_c1d95df7a179,1,train
3.7466666666666653,1.8054830070894863,2.059999999999988,8.760000000000002,3.039999999999992,15.0,0.48189035370083627,0.15013698630137004,2.0,1.3199999999999932,1.0,0.3199999999999932,2.319999999999993,1.3199999999999932,2.0,8.0,2.491578947368421,0.969455968750649,1.2000000000000028,4.380000000000001,2.279999999999994,19.0,1.5869565217391297,1.0454640524982963,0.4399999999999977,4.399999999999999,1.3399999999999963,23.0,23.0,17.0,1.3529410968858178,153.0,9.019607843137255,6.666666666666667,0.7843137254901962,3.1372549019607847,7.450980392156863,5.882352941176471,call_c21f9cf2390e,1,val
2.9270000000000005,2.221398433419816,0.1599999999999966,8.960000000000008,1.980000000000003,20.0,0.7589332676756227,0.213918729565624,6.0,0.5466666666666681,0.4177186719418789,0.18000000000000682,1.1599999999999966,0.3299999999999983,6.0,13.0,1.9094736842105244,0.7482855751242684,1.1599999999999966,3.4199999999999946,1.5,19.0,1.5859259259259262,1.4907995847599491,0.20000000000000284,5.1,0.980000000000004,27.0,27.0,26.0,1.0384614985207115,151.0,10.728476821192054,10.331125827814569,2.384105960264901,5.1655629139072845,7.549668874172186,7.9470198675496695,call_c337629bcbbb,0,train
3.106315789473683,1.8492906478639342,1.539999999999992,7.540000000000001,2.280000000000001,19.0,0.5953322771620043,0.14085494043447822,3.0,1.5599999999999976,0.907450641449254,0.28000000000000114,2.280000000000001,2.1199999999999903,3.0,11.0,2.070999999999998,1.548708817047285,1.1199999999999903,8.54,1.7100000000000017,20.0,2.1953846153846164,1.8895852837008174,0.3400000000000034,7.780000000000001,1.8200000000000074,13.0,13.0,22.0,0.590909064049588,126.0,6.19047619047619,10.476190476190476,1.4285714285714286,5.238095238095238,9.523809523809524,9.047619047619047,call_c3417b995627,1,train
3.525833333333331,2.542659232422272,0.3199999999999932,9.5,2.380000000000006,24.0,0.7211510785926338,0.08295071931435581,2.0,4.490000000000001,2.929999999999999,1.5600000000000023,7.42,4.490000000000001,2.0,11.0,2.0256000000000007,1.117232580978554,1.039999999999992,7.039999999999999,1.8599999999999994,25.0,3.843529411764708,3.5760460274318886,0.4000000000000057,15.83999999999999,3.24,17.0,17.0,26.0,0.6538461286982258,202.0,5.0495049504950495,7.7227722772277225,0.594059405940594,3.267326732673267,7.425742574257426,7.128712871287129,call_c3a3ab5fa472,1,train
5.453999999999995,2.381412186077832,1.579999999999984,9.98,5.059999999999999,10.0,0.43663581764613424,0.0,0.0,0.0,0.0,0.0,0.0,0.0,0.0,7.0,3.297142857142856,1.7929840592528126,1.4399999999999977,7.159999999999997,2.580000000000002,14.0,2.315625000000001,1.664945452372239,0.3200000000000003,5.47999999999999,2.269999999999996,32.0,32.0,13.0,2.461538272189364,209.0,9.186602870813397,3.7320574162679425,0.0,2.0095693779904304,4.019138755980861,2.8708133971291865,call_c3e9e24958f7,1,train
5.259999999999999,2.5454997997975246,2.5999999999999943,9.58,4.800000000000001,13.0,0.48393523115252735,0.03231292517006822,0.0,0.0,0.0,0.0,0.0,0.0,0.0,6.0,3.3415384615384616,2.418104299315243,1.480000000000004,11.159999999999997,2.739999999999995,13.0,2.13818181818182,1.9770401117088616,0.33999999999999986,5.600000000000001,1.3200000000000074,11.0,11.0,16.0,0.6874999570312527,122.0,5.409836065573771,7.868852459016394,0.0,2.9508196721311477,6.39344262295082,6.39344262295082,call_c49b6face6c3,1,val
2.007368421052631,1.6543939647441068,0.09999999999999432,5.66,1.1799999999999997,19.0,0.8241601906422238,0.03034134007585343,2.0,0.5299999999999994,0.4100000000000019,0.11999999999999744,0.9400000000000013,0.5299999999999994,2.0,8.0,1.557894736842105,0.6944560836205245,1.0600000000000023,4.019999999999982,1.3800000000000026,19.0,1.8983999999999992,1.5920896457172244,0.22000000000000064,4.9,1.1400000000000006,25.0,25.0,23.0,1.0869564744801532,177.0,8.47457627118644,7.796610169491525,0.6779661016949152,2.711864406779661,6.440677966101695,6.440677966101695,call_c4fc8a865292,0,val
2.520000000000001,2.0975541312045642,1.1799999999999997,8.0,1.5700000000000003,12.0,0.8323624201754537,0.143994211287988,0.0,0.0,0.0,0.0,0.0,0.0,0.0,9.0,2.2684210526315796,1.0843443964364372,1.1799999999999997,5.3799999999999955,1.8200000000000074,19.0,1.7274999999999994,1.6768553157622161,0.30000000000000426,5.48,0.8499999999999933,16.0,16.0,16.0,0.9999999375000038,140.0,6.857142857142857,6.857142857142857,0.0,3.8571428571428568,8.142857142857142,5.142857142857142,call_c509bc8280ae,0,train
2.4446153846153833,1.2444870143935145,0.10000000000000142,4.61999999999999,2.8000000000000043,13.0,0.509072516336469,0.14779725248697279,2.0,0.4400000000000013,0.23999999999999844,0.20000000000000284,0.6799999999999997,0.4400000000000013,2.0,11.0,2.4366666666666656,1.1380343677684894,1.0999999999999943,5.200000000000003,2.210000000000001,18.0,1.5637037037037038,1.9805725849007303,0.20000000000000284,7.020000000000001,0.7399999999999949,27.0,27.0,13.0,2.076922917159776,138.0,11.73913043478261,5.6521739130434785,0.8695652173913044,4.782608695652175,7.82608695652174,5.6521739130434785,call_c5b04c36bb62,1,train
2.9980952380952393,2.751289946894381,0.46000000000000796,9.679999999999993,1.7199999999999998,21.0,0.9176789964028439,0.15849324804548667,1.0,1.1799999999999997,0.0,1.1799999999999997,1.1799999999999997,1.1799999999999997,1.0,8.0,1.635238095238093,0.5044149751149142,1.0200000000000031,3.1799999999999926,1.5999999999999943,21.0,1.7587500000000003,1.3856851870103848,0.2599999999999909,4.300000000000001,1.1499999999999946,16.0,16.0,22.0,0.7272726942148775,137.0,7.007299270072993,9.635036496350365,0.43795620437956206,3.5036496350364965,9.197080291970803,9.197080291970803,call_c647ee088162,0,train
4.135,2.2796216791388875,0.8599999999999994,9.96,3.49,16.0,0.551298942645694,0.03360488798370656,2.0,1.25,0.6700000000000017,0.5799999999999983,1.9200000000000017,1.25,2.0,8.0,2.617142857142857,1.0302525943492045,1.3399999999999999,4.940000000000005,2.229999999999997,14.0,1.636666666666666,1.3465470243882653,0.480000000000004,4.700000000000003,1.129999999999999,12.0,12.0,27.0,0.44444442798353967,142.0,5.070422535211268,11.408450704225352,0.8450704225352113,3.380281690140845,5.915492957746479,6.76056338028169,call_c67ce09b3316,1,train
3.8957142857142864,3.0095389164780575,0.980000000000004,9.920000000000002,2.210000000000001,14.0,0.7725253761521366,0.10944395410414831,1.0,0.2599999999999998,0.0,0.2599999999999998,0.2599999999999998,0.2599999999999998,1.0,6.0,1.801428571428571,0.5638877439305641,1.1600000000000001,3.0799999999999983,1.8299999999999912,14.0,2.059999999999999,1.2089364221195709,0.46000000000000796,4.019999999999996,2.139999999999997,11.0,11.0,19.0,0.5789473379501401,109.0,6.055045871559633,10.458715596330276,0.5504587155963303,3.302752293577982,7.706422018348624,7.706422018348624,call_c6daaae3eb0f,0,train
2.416666666666667,2.3726145915424213,0.56,9.040000000000006,1.3800000000000021,18.0,0.9817711488708711,0.07679122386012968,1.0,1.3199999999999932,0.0,1.3199999999999932,1.3199999999999932,1.3199999999999932,1.0,9.0,1.6411111111111105,0.6308185941817441,1.019999999999996,3.0600000000000023,1.4099999999999997,18.0,2.916999999999998,4.596691310062054,0.20000000000000284,20.0,0.8900000000000017,20.0,20.0,19.0,1.0526315235457093,150.0,8.0,7.6,0.4,3.6,7.2,7.2,call_c6e878157063,0,train
2.70235294117647,1.527703117954858,0.10000000000000142,6.319999999999993,2.200000000000003,17.0,0.5653231039342582,0.20166320166320173,3.0,1.7533333333333327,0.041096093353127555,1.6999999999999957,1.7999999999999972,1.7600000000000051,3.0,6.0,2.156250000000002,0.6035403362659373,1.58,4.040000000000006,1.9799999999999969,16.0,2.7485714285714296,3.733452743474209,0.3999999999999986,15.44,1.6700000000000017,14.0,14.0,20.0,0.6999999650000017,129.0,6.511627906976744,9.30232558139535,1.3953488372093024,2.7906976744186047,7.441860465116279,7.906976744186047,call_c87e905eb0d7,1,train
1.9569230769230759,1.5986503183112575,0.14000000000000057,6.119999999999997,1.6400000000000006,13.0,0.8169199496103386,0.37415881561238185,5.0,0.8199999999999992,0.36022215367742166,0.41999999999999993,1.3800000000000026,0.6000000000000014,5.0,5.0,2.4100000000000006,2.1475800334329835,1.039999999999992,8.740000000000009,1.6999999999999993,10.0,2.201481481481481,2.440272759046816,0.21999999999999886,10.08,1.2199999999999998,27.0,27.0,15.0,1.799999880000008,122.0,13.278688524590164,7.3770491803278695,2.459016393442623,2.459016393442623,4.918032786885246,6.39344262295082,call_ca184bb77a63,0,val
3.278888888888888,2.0626247811112717,1.7599999999999998,8.920000000000002,2.4399999999999977,18.0,0.6290619237019361,0.10538116591928257,4.0,2.210000000000001,2.1300469478394155,0.0799999999999983,4.359999999999999,2.200000000000003,4.0,8.0,2.2857142857142856,1.0770443304692308,1.0199999999999996,5.11999999999999,2.020000000000003,14.0,2.9733333333333336,2.3799458443885295,0.20000000000000284,8.200000000000001,2.3200000000000003,15.0,15.0,19.0,0.7894736426592819,127.0,7.086614173228346,8.976377952755906,1.889763779527559,3.779527559055118,6.6141732283464565,8.503937007874015,call_ca5206a4f854,1,train
2.47076923076923,1.7240670232307436,0.37999999999999545,7.5,2.120000000000001,13.0,0.6977852500246395,0.13150926743159772,2.0,0.9699999999999989,0.8100000000000023,0.1599999999999966,1.7800000000000011,0.9699999999999989,2.0,6.0,1.8783333333333339,0.48897568673935166,1.4200000000000017,3.239999999999995,1.8100000000000058,12.0,2.2659999999999996,2.1894666017091926,0.38000000000000256,6.34,1.0899999999999999,10.0,10.0,17.0,0.588235259515573,115.0,5.217391304347826,8.869565217391305,1.0434782608695652,3.1304347826086953,6.260869565217391,6.782608695652174,call_cbad95f3aabc,1,train
2.084347826086956,2.0033012451992884,0.07999999999998408,7.240000000000009,0.9600000000000009,23.0,0.9611161145997708,0.42226595445600207,11.0,1.4909090909090918,1.1625790651154186,0.01999999999999602,4.320000000000022,1.1199999999999992,11.0,10.0,2.343529411764702,1.2490228706824757,1.1199999999999903,5.920000000000002,1.8000000000000007,17.0,1.8241025641025652,1.677355546837416,0.2600000000000051,7.780000000000001,1.1800000000000033,39.0,39.0,25.0,1.5599999376000024,168.0,13.928571428571429,8.928571428571429,3.928571428571429,3.5714285714285716,6.071428571428572,8.214285714285715,call_cbb902adb22a,0,train
3.614285714285716,1.9609535373155076,2.059999999999995,8.42,2.7500000000000027,14.0,0.5425561645579207,0.02567478604344971,1.0,0.519999999999996,0.0,0.519999999999996,0.519999999999996,0.519999999999996,1.0,7.0,2.187142857142859,0.5950561626726465,1.4200000000000017,3.6000000000000014,2.240000000000002,14.0,2.3369230769230738,2.158957670926429,0.28000000000000114,7.899999999999999,1.4799999999999898,13.0,13.0,20.0,0.6499999675000016,131.0,5.954198473282443,9.160305343511451,0.45801526717557256,3.206106870229008,6.412213740458016,6.412213740458016,call_ce3072c8e106,1,train
5.192631578947367,2.0391351162099736,2.4599999999999795,8.699999999999989,4.880000000000024,19.0,0.39269774728088697,0.01513067400275127,1.0,4.480000000000004,0.0,4.480000000000004,4.480000000000004,4.480000000000004,1.0,9.0,3.502499999999998,2.5911954287548453,1.2799999999999976,11.540000000000006,2.5099999999999945,16.0,2.4233333333333347,2.160959149184556,0.21999999999999886,6.879999999999999,1.8299999999999974,18.0,18.0,22.0,0.8181817809917372,174.0,6.206896551724138,7.586206896551724,0.3448275862068966,3.103448275862069,5.517241379310345,6.551724137931035,call_ce6146a1c53e,1,train
4.018461538461539,1.8153611471755577,2.039999999999999,8.38,3.5800000000000054,13.0,0.45175515008547656,0.013994169096210035,1.0,5.3799999999999955,0.0,5.3799999999999955,5.3799999999999955,5.3799999999999955,1.0,8.0,2.771999999999999,1.3845586541084725,1.4799999999999969,7.039999999999992,2.4000000000000057,15.0,2.858333333333332,1.723416342294828,0.7799999999999994,6.099999999999994,2.4299999999999926,12.0,12.0,14.0,0.8571427959183717,129.0,5.5813953488372094,6.511627906976744,0.46511627906976744,3.7209302325581395,6.976744186046512,6.046511627906977,call_cea74e96e420,1,train
3.4884210526315766,2.7144394849492475,0.9000000000000021,9.380000000000003,2.1799999999999926,19.0,0.7781281748581836,0.06005459508644256,1.0,1.0,0.0,1.0,1.0,1.0,1.0,4.0,1.5246153846153836,0.5339060041821755,1.0600000000000023,3.180000000000007,1.3599999999999994,13.0,1.831666666666668,1.5422809586957738,0.21999999999999997,4.68,1.6999999999999993,12.0,12.0,23.0,0.5217391077504736,119.0,6.050420168067227,11.596638655462185,0.5042016806722689,2.0168067226890756,6.554621848739496,9.579831932773109,call_cf313f91b995,0,val
3.290769230769231,2.089013243462317,0.28000000000000114,6.7,2.9799999999999898,13.0,0.6348098156260522,0.07341455795064016,1.0,0.47999999999998977,0.0,0.47999999999998977,0.47999999999998977,0.47999999999998977,1.0,12.0,4.225555555555555,3.430657893210413,1.0200000000000102,14.519999999999996,3.0700000000000003,18.0,1.4888372093023248,2.369615030359117,0.2400000000000002,13.200000000000003,0.4000000000000057,43.0,43.0,15.0,2.8666664755555686,198.0,13.030303030303031,4.545454545454546,0.30303030303030304,3.6363636363636367,5.454545454545455,3.9393939393939394,call_d0442c9e97b7,1,train
4.403333333333329,1.5239386106037516,2.759999999999991,8.74,4.170000000000002,12.0,0.3460874181339141,0.019354838709677653,1.0,0.5400000000000063,0.0,0.5400000000000063,0.5400000000000063,0.5400000000000063,1.0,8.0,2.989333333333329,0.9508414986503065,1.7799999999999727,4.5,3.0799999999999983,15.0,1.6411764705882343,0.9375931787604516,0.29999999999999716,3.960000000000001,1.2199999999999989,17.0,17.0,19.0,0.8947367950138528,158.0,6.455696202531645,7.215189873417722,0.379746835443038,3.037974683544304,5.69620253164557,4.556962025316456,call_d13864e1e455,1,train
2.9099999999999997,2.601414450420607,0.23999999999999488,8.740000000000009,1.2899999999999965,14.0,0.8939565486130786,0.06256921373200464,2.0,0.46000000000000574,0.29999999999999494,0.1600000000000108,0.7600000000000007,0.46000000000000574,2.0,6.0,1.6349999999999978,0.6504421573053188,1.0400000000000063,3.1799999999999926,1.389999999999997,16.0,2.5800000000000014,2.1875230611029326,0.21999999999999886,8.100000000000001,2.259999999999998,14.0,14.0,22.0,0.6363636074380178,148.0,5.675675675675675,8.91891891891892,0.8108108108108107,2.4324324324324325,6.486486486486486,5.675675675675675,call_d13e6463c6fb,0,train
4.292857142857142,2.169049918978447,1.9200000000000008,9.339999999999996,3.520000000000003,14.0,0.5052694141751491,0.021450021450022047,1.0,2.3599999999999994,0.0,2.3599999999999994,2.3599999999999994,2.3599999999999994,1.0,7.0,2.6449999999999965,1.2299627365629087,1.1800000000000068,5.779999999999973,2.3699999999999974,12.0,5.827500000000003,4.514254506560297,0.5400000000000063,12.4,6.380000000000003,8.0,8.0,19.0,0.4210526094182837,153.0,3.1372549019607847,7.450980392156863,0.3921568627450981,2.7450980392156863,4.705882352941177,5.490196078431373,call_d147a02786d2,1,train
5.122666666666666,2.2587532450939,2.780000000000001,9.800000000000004,4.299999999999997,15.0,0.4409330044561874,0.0012285012285014208,1.0,0.04000000000000625,0.0,0.04000000000000625,0.04000000000000625,0.04000000000000625,1.0,9.0,2.7725,1.0648679495599433,1.3599999999999994,4.640000000000001,2.8299999999999983,16.0,3.2559999999999993,2.174172026312543,0.38000000000000966,6.699999999999999,3.0,10.0,10.0,17.0,0.588235259515573,151.0,3.9735099337748347,6.754966887417218,0.3973509933774835,3.576158940397351,6.357615894039736,5.960264900662252,call_d17b2416d506,1,train
2.4250000000000016,2.2800054824495497,0.8800000000000097,8.56000000000001,1.5899999999999992,16.0,0.9402080586562843,0.09899458623356555,2.0,0.7399999999999998,0.56,0.17999999999999972,1.2999999999999998,0.7399999999999998,2.0,8.0,1.6435294117647057,0.7136067559070071,1.019999999999996,3.5999999999999943,1.4000000000000021,17.0,1.5211764705882356,1.5057922767177536,0.20000000000000284,5.460000000000001,0.96,17.0,17.0,20.0,0.8499999575000021,112.0,9.107142857142858,10.714285714285714,1.0714285714285714,4.285714285714286,9.107142857142858,8.571428571428571,call_d38f7d5159e7,0,train
2.9188888888888918,2.537062800626146,0.5,9.36,1.5900000000000007,18.0,0.8691875669184312,0.22153325817361874,1.0,1.5,0.0,1.5,1.5,1.5,1.0,8.0,2.3533333333333353,1.9801795653705512,1.1200000000000045,8.759999999999991,1.5000000000000018,18.0,1.6895238095238108,1.565699223655972,0.240000000000002,5.899999999999999,0.9200000000000159,21.0,21.0,20.0,1.0499999475000026,150.0,8.4,8.0,0.4,3.2,7.2,7.2,call_d3e854cbb77d,0,train
3.622666666666665,2.1097344751308276,1.759999999999998,8.2,2.700000000000003,15.0,0.5823704157417406,0.02542372881355952,1.0,1.759999999999998,0.0,1.759999999999998,1.759999999999998,1.759999999999998,1.0,9.0,2.1360000000000015,0.5988967635021354,1.240000000000009,3.6599999999999966,1.980000000000004,15.0,2.574545454545456,2.371529478230387,0.4000000000000057,8.319999999999999,1.2000000000000028,11.0,11.0,17.0,0.6470587854671302,136.0,4.852941176470589,7.5,0.4411764705882353,3.9705882352941178,6.61764705882353,6.61764705882353,call_d437831f4543,1,train
3.2666666666666675,2.3645201533409606,0.6000000000000014,7.800000000000004,2.0100000000000016,12.0,0.7238324784209637,0.045977011494252644,1.0,13.26,0.0,13.26,13.26,13.26,1.0,3.0,2.984444444444446,4.072517951972196,1.019999999999996,14.46,1.6000000000000085,9.0,6.186666666666664,8.192343308778566,0.3399999999999963,25.340000000000003,1.6199999999999974,9.0,9.0,22.0,0.4090908904958686,144.0,3.75,9.166666666666668,0.4166666666666667,1.25,3.75,5.0,call_d4518fcb700a,1,val
2.066666666666667,0.7298097164482152,1.2199999999999989,3.259999999999998,1.6600000000000001,9.0,0.35313356289418657,0.303030303030303,3.0,3.740000000000002,3.5266981725120705,0.21999999999999886,8.559999999999995,2.440000000000012,3.0,11.0,2.1433333333333335,0.7366063323708874,1.1000000000000014,3.259999999999998,2.039999999999999,12.0,2.2499999999999996,3.289762356711554,0.23999999999999844,16.319999999999997,1.3799999999999955,22.0,22.0,12.0,1.8333331805555684,143.0,9.230769230769232,5.034965034965035,1.2587412587412588,4.615384615384616,5.034965034965035,3.7762237762237763,call_d557fa43925b,0,train
1.377,1.2978023732448631,0.060000000000002274,5.640000000000001,0.8699999999999974,20.0,0.9424846991722324,0.443995691976305,6.0,0.7599999999999966,0.5742241142039672,0.09999999999999432,1.759999999999991,0.7600000000000005,6.0,18.0,1.6566666666666687,0.5627215613032381,1.019999999999996,2.9200000000000017,1.4699999999999989,24.0,1.1427692307692294,1.2748447962155514,0.20000000000000284,6.020000000000003,0.6200000000000045,65.0,65.0,20.0,3.249999837500008,152.0,25.657894736842106,7.894736842105264,2.368421052631579,7.105263157894737,9.473684210526317,7.894736842105264,call_d5d00276dd35,0,train
2.9917647058823498,2.5048100439756666,0.9199999999999875,8.740000000000009,1.8799999999999955,17.0,0.837234693562654,0.04131799163179909,0.0,0.0,0.0,0.0,0.0,0.0,0.0,10.0,1.7210526315789456,0.726070133895603,1.1000000000000014,3.759999999999998,1.3399999999999892,19.0,2.2494117647058838,2.100768684492404,0.3799999999999999,6.6200000000000045,1.5799999999999983,17.0,17.0,20.0,0.8499999575000021,170.0,6.0,7.0588235294117645,0.0,3.5294117647058822,6.705882352941176,6.0,call_d60330be1b1f,0,val
3.593684210526316,2.667709860587733,1.2399999999999949,9.640000000000015,2.1599999999999966,19.0,0.7423326486064236,0.045513095749248646,1.0,1.7199999999999989,0.0,1.7199999999999989,1.7199999999999989,1.7199999999999989,1.0,10.0,1.9971428571428558,1.2961376428125393,1.0799999999999983,6.959999999999994,1.5,21.0,2.329000000000003,2.1627526442013636,0.2600000000000193,7.719999999999999,1.8400000000000034,20.0,20.0,21.0,0.9523809070294805,169.0,7.100591715976331,7.455621301775148,0.35502958579881655,3.5502958579881656,7.455621301775148,6.745562130177515,call_d72a7cb67eb0,0,train
3.486315789473683,2.7046007790358324,0.09999999999999964,9.360000000000007,2.539999999999999,19.0,0.775775967118621,0.0737100737100733,1.0,0.6599999999999993,0.0,0.6599999999999993,0.6599999999999993,0.6599999999999993,1.0,6.0,1.9364705882352933,0.5835483867882635,1.1599999999999966,3.0600000000000023,2.0400000000000063,17.0,2.1706666666666674,2.277576099472614,0.21999999999999886,7.0,0.8399999999999999,15.0,15.0,21.0,0.7142856802721105,134.0,6.716417910447761,9.402985074626866,0.44776119402985076,2.6865671641791042,7.611940298507463,8.507462686567164,call_d80d9f6f7884,0,train
3.9300000000000006,1.9638878673578972,1.4399999999999977,9.899999999999999,3.5600000000000005,18.0,0.4997168874404604,0.06836327345309369,2.0,0.45000000000000995,0.0899999999999963,0.36000000000001364,0.5400000000000063,0.45000000000000995,2.0,8.0,2.552631578947369,1.3044088885301486,1.240000000000002,6.0800000000000125,1.7999999999999972,19.0,2.2266666666666666,1.7819215595655296,0.3199999999999932,5.579999999999998,1.2800000000000011,18.0,18.0,21.0,0.8571428163265326,167.0,6.467065868263473,7.544910179640719,0.718562874251497,2.874251497005988,6.826347305389222,6.467065868263473,call_d88d3c23953c,1,val
3.577142857142858,2.6253909329889153,0.01999999999999602,9.660000000000004,2.5000000000000018,14.0,0.7339349597994282,0.04412893323100545,1.0,2.220000000000013,0.0,2.220000000000013,2.220000000000013,2.220000000000013,1.0,7.0,2.3024999999999984,0.5234441230924299,1.4599999999999937,3.480000000000004,2.3000000000000007,16.0,3.4746666666666663,3.5728342935110877,0.5,14.61999999999999,2.4399999999999977,15.0,15.0,17.0,0.8823528892733594,173.0,5.202312138728324,5.895953757225434,0.3468208092485549,2.4277456647398843,5.5491329479768785,4.855491329479769,call_d88d8e15e430,1,train
4.229999999999999,2.302259759453743,0.5799999999999983,8.54,3.8699999999999988,8.0,0.5442693180105025,0.00789229340761382,1.0,0.5600000000000023,0.0,0.5600000000000023,0.5600000000000023,0.5600000000000023,1.0,4.0,2.625714285714285,0.9445612306078124,1.2200000000000024,4.159999999999999,2.6199999999999974,7.0,5.385000000000001,6.01317511802209,0.7199999999999989,18.659999999999997,1.9200000000000017,8.0,8.0,8.0,0.9999998750000157,95.0,5.052631578947369,5.052631578947369,0.6315789473684211,2.5263157894736845,4.421052631578948,5.052631578947369,call_d89caa393417,1,train
3.925,1.9027414432865022,1.9199999999999982,8.200000000000003,3.6100000000000065,16.0,0.4847747664998053,0.063576158940397,3.0,1.3599999999999994,0.750644167809668,0.29999999999999716,1.9400000000000013,1.8399999999999999,3.0,13.0,2.6216666666666657,1.3857599198835122,1.240000000000002,7.66,2.089999999999997,24.0,1.2079999999999997,0.9355212450821186,0.29999999999999716,4.139999999999997,0.8400000000000034,25.0,25.0,19.0,1.3157894044321365,160.0,9.375,7.125,1.125,4.875,9.0,6.0,call_d9b9c625f406,1,train
2.8242105263157895,2.4159259220724953,0.10000000000000009,8.02000000000001,1.3399999999999999,19.0,0.8554337731296258,0.042708734128510804,1.0,0.10000000000000009,0.0,0.10000000000000009,0.10000000000000009,0.10000000000000009,1.0,6.0,2.2166666666666686,2.140127202865391,1.0999999999999943,10.060000000000002,1.33,18.0,2.8877777777777762,2.3278042957916747,0.3799999999999999,9.9,2.5799999999999983,18.0,18.0,25.0,0.7199999712000011,196.0,5.510204081632653,7.653061224489796,0.30612244897959184,1.836734693877551,5.510204081632653,5.816326530612245,call_db5326bcb672,0,train
3.066315789473687,2.5084954822537604,0.20000000000001705,9.579999999999998,2.2600000000000193,19.0,0.8180809924353337,0.1361111111111111,1.0,0.8199999999999932,0.0,0.8199999999999932,0.8199999999999932,0.8199999999999932,1.0,6.0,1.8336842105263138,0.5150391965289818,1.1799999999999926,3.1400000000000006,1.759999999999991,19.0,2.250000000000001,1.5346986674914387,0.29999999999999716,4.540000000000006,2.0900000000000034,16.0,16.0,22.0,0.7272726942148775,160.0,6.0,8.25,0.375,2.25,7.125,7.125,call_dc1a55102190,0,val
3.5414285714285714,2.095143558473321,1.7599999999999998,7.700000000000003,2.469999999999988,14.0,0.5916095509498343,0.016547159404302486,0.0,0.0,0.0,0.0,0.0,0.0,0.0,9.0,1.8655555555555527,0.4244109934462395,1.1599999999999966,2.719999999999999,1.8399999999999936,18.0,2.7892307692307705,1.9329310606452301,0.29999999999999716,7.640000000000001,2.5400000000000027,13.0,13.0,19.0,0.684210490304711,163.0,4.785276073619632,6.993865030674846,0.0,3.312883435582822,6.625766871165644,5.153374233128834,call_dcdbcc7d70e4,1,train
1.5515789473684196,1.704832954181158,0.45999999999997954,8.200000000000003,1.0600000000000023,19.0,1.0987722270274667,0.22007299270073064,8.0,0.8474999999999991,0.596232966213708,0.020000000000010232,2.1599999999999966,0.8699999999999974,8.0,17.0,2.053333333333334,1.3301587206879555,1.0200000000000102,5.8999999999999915,1.4400000000000048,24.0,1.4421052631578957,1.6855659019962101,0.21999999999999886,7.700000000000003,0.7400000000000091,38.0,38.0,20.0,1.8999999050000047,147.0,15.510204081632653,8.16326530612245,3.265306122448979,6.938775510204081,9.795918367346937,7.755102040816326,call_ddeabfdb99d4,0,train
2.572307692307691,1.8442682678468933,0.3200000000000003,6.959999999999997,1.7800000000000002,13.0,0.7169700407116955,0.260794473229706,3.0,0.8733333333333301,0.2639865316429755,0.5,1.0600000000000023,1.059999999999988,3.0,6.0,2.0083333333333324,1.0249376674814061,1.039999999999992,4.840000000000003,1.6400000000000001,12.0,1.9300000000000006,1.4775843649536744,0.21999999999999886,5.859999999999999,1.779999999999994,18.0,18.0,14.0,1.2857141938775576,98.0,11.020408163265307,8.571428571428571,1.836734693877551,3.673469387755102,7.346938775510204,7.959183673469388,call_ddf2da1910f1,0,train
3.7138461538461534,2.1946422118126283,1.5,8.439999999999998,2.84,13.0,0.5909349849090589,0.02659574468085088,1.0,3.8800000000000026,0.0,3.8800000000000026,3.8800000000000026,3.8800000000000026,1.0,7.0,2.1700000000000004,0.9680835265026029,1.3200000000000003,4.580000000000005,1.8799999999999955,14.0,3.133333333333333,2.7809031306793535,0.4200000000000017,10.780000000000001,2.2399999999999984,12.0,12.0,17.0,0.7058823114186875,130.0,5.538461538461539,7.846153846153847,0.46153846153846156,3.230769230769231,6.461538461538462,6.0,call_df3e278ab7fe,1,train
4.32166666666667,2.0789333536428924,1.9400000000000013,8.18,3.2000000000000006,12.0,0.4810488714062521,0.007614213197969525,2.0,4.52,0.9000000000000021,3.6199999999999974,5.420000000000002,4.52,2.0,6.0,2.5433333333333366,0.907187350489904,1.2600000000000016,4.800000000000004,2.5500000000000114,12.0,5.0657142857142885,3.242674633001309,0.8000000000000114,11.699999999999989,5.010000000000012,14.0,14.0,16.0,0.8749999453125034,169.0,4.970414201183432,5.680473372781065,0.7100591715976331,2.130177514792899,4.260355029585798,4.260355029585798,call_df75973c8794,1,train
4.602857142857147,2.0177336245381476,2.8800000000000097,9.02000000000001,3.6000000000000014,7.0,0.4383653725390879,0.006095238095238238,1.0,4.6000000000000085,0.0,4.6000000000000085,4.6000000000000085,4.6000000000000085,1.0,5.0,3.2311111111111126,1.361506065147012,1.4800000000000004,6.140000000000001,3.0999999999999943,9.0,4.038461538461537,2.352248829569913,1.1199999999999974,10.200000000000003,3.2399999999999984,13.0,13.0,10.0,1.299999870000013,147.0,5.3061224489795915,4.081632653061225,0.4081632653061224,2.0408163265306123,3.6734693877551017,2.8571428571428568,call_e0a8703be347,1,train
3.0600000000000023,2.4532699267168585,1.0799999999999983,7.740000000000009,1.5999999999999983,12.0,0.8017219362728498,0.05855290673358403,0.0,0.0,0.0,0.0,0.0,0.0,0.0,7.0,2.172857142857144,1.4666503555060844,1.0800000000000054,6.519999999999996,1.5999999999999983,14.0,2.6566666666666663,1.8192947351469289,0.37999999999999545,6.139999999999997,2.170000000000004,18.0,18.0,13.0,1.384615278106517,129.0,8.372093023255815,6.046511627906977,0.0,3.255813953488372,6.511627906976744,5.5813953488372094,call_e0c1f661d9ca,0,train
4.421428571428572,2.1096304928414678,2.5600000000000023,9.16,3.5199999999999996,14.0,0.4771376449087806,0.01579871269748389,1.0,4.68,0.0,4.68,4.68,4.68,1.0,10.0,3.034736842105265,0.9459685563988299,1.2600000000000051,5.399999999999999,2.819999999999993,19.0,2.2786666666666657,1.8398763243459852,0.28000000000000114,6.1200000000000045,1.4799999999999969,15.0,15.0,19.0,0.7894736426592819,170.0,5.294117647058823,6.705882352941176,0.3529411764705882,3.5294117647058822,6.705882352941176,4.941176470588235,call_e106a61086bb,1,train
2.5104347826086983,2.054609829163319,0.8200000000000074,7.800000000000011,1.6200000000000045,23.0,0.8184275588313549,0.2829716193656091,3.0,0.6666666666666671,0.32876874682501667,0.23999999999999488,1.0400000000000063,0.7200000000000002,3.0,10.0,2.007619047619046,1.013480118262502,1.0600000000000005,5.319999999999993,1.5799999999999983,21.0,1.7748148148148146,1.7929044724100398,0.20000000000000284,7.240000000000002,1.0,27.0,27.0,24.0,1.124999953125002,150.0,10.8,9.6,1.2,4.0,8.4,9.2,call_e118b75d4937,0,train
2.7199999999999975,1.832193585114121,0.19999999999999574,4.82,3.3799999999999955,6.0,0.673600335115363,0.12396694214876043,0.0,0.0,0.0,0.0,0.0,0.0,0.0,11.0,3.2266666666666675,2.948687090139537,1.2199999999999989,12.960000000000008,2.1200000000000045,15.0,1.3444444444444439,1.377645154907281,0.23999999999999488,6.940000000000001,0.9399999999999995,27.0,27.0,6.0,4.4999992500001245,108.0,15.0,3.333333333333333,0.0,6.111111111111111,8.333333333333334,3.333333333333333,call_e2200941723b,1,train
4.058333333333331,2.952139995927624,0.9400000000000119,8.859999999999985,2.3400000000000034,24.0,0.727426513799042,0.0592617676938707,3.0,1.826666666666668,1.1048177325795503,0.8000000000000043,3.3599999999999994,1.3200000000000003,3.0,12.0,1.9831999999999979,1.1782927310307907,1.0199999999999818,6.539999999999992,1.6199999999999974,25.0,2.460833333333335,1.7991616489045352,0.30000000000000004,6.460000000000008,2.0600000000000023,24.0,24.0,29.0,0.8275861783590973,206.0,6.990291262135923,8.446601941747574,0.8737864077669903,3.4951456310679614,7.281553398058253,6.990291262135923,call_e2d538297f0c,0,val
3.5307692307692315,2.155174315771452,1.0,9.459999999999999,3.020000000000003,13.0,0.6103977814783814,0.09795530194959591,6.0,1.6266666666666663,1.2631530214330948,0.23999999999999488,3.719999999999999,0.9999999999999982,6.0,7.0,3.56,2.5173490329801615,1.000000000000007,10.68,2.799999999999997,13.0,2.2136842105263153,2.6906313298013504,0.259999999999998,12.239999999999995,1.0600000000000005,19.0,19.0,16.0,1.1874999257812546,118.0,9.661016949152543,8.135593220338983,3.050847457627119,3.5593220338983054,6.610169491525424,6.610169491525424,call_e3064936e37a,1,train
5.312857142857145,2.354625928954772,3.1599999999999966,9.440000000000012,4.32,14.0,0.4431938263061741,0.036318096430807675,0.0,0.0,0.0,0.0,0.0,0.0,0.0,8.0,3.2047058823529424,0.9928101391093572,1.6600000000000037,5.079999999999998,3.24,17.0,3.193999999999998,2.852606527371067,0.6400000000000006,10.140000000000008,1.609999999999994,10.0,10.0,15.0,0.6666666222222252,141.0,4.25531914893617,6.382978723404255,0.0,3.404255319148936,7.234042553191489,5.957446808510638,call_e3084824935d,1,train
3.2369230769230777,2.7620376664712474,0.8799999999999955,9.380000000000024,1.5799999999999983,13.0,0.8532908405737947,0.01811776547559135,0.0,0.0,0.0,0.0,0.0,0.0,0.0,7.0,1.7422222222222223,0.8647642938689206,1.0200000000000031,4.759999999999991,1.5200000000000031,18.0,3.3116666666666656,2.12619312909769,0.6199999999999999,6.940000000000001,2.9800000000000004,12.0,12.0,17.0,0.7058823114186875,149.0,4.832214765100671,6.845637583892617,0.0,2.8187919463087248,7.248322147651007,5.23489932885906,call_e31bf946a8fa,0,train
5.647058823529413,2.4104179884187578,2.8400000000000034,9.879999999999999,4.520000000000001,17.0,0.4268447765287257,0.029120879120879125,1.0,7.52,0.0,7.52,7.52,7.52,1.0,8.0,3.5774999999999997,2.2932605063533438,1.2399999999999949,9.179999999999993,3.1599999999999966,16.0,2.275000000000001,2.1963776997593096,0.5,8.44,1.0999999999999996,16.0,16.0,21.0,0.7619047256235845,153.0,6.274509803921569,8.23529411764706,0.3921568627450981,3.1372549019607847,6.274509803921569,6.666666666666667,call_e329faf2b6a1,1,val
3.4257142857142857,1.9979622271766018,1.6799999999999997,7.619999999999997,2.540000000000001,14.0,0.5832248335138606,0.021513944223107522,0.0,0.0,0.0,0.0,0.0,0.0,0.0,8.0,2.218571428571429,1.3054493322927831,1.299999999999999,6.66,1.9199999999999982,14.0,2.281818181818183,1.8140553172973741,0.4200000000000017,6.0,1.360000000000003,11.0,11.0,14.0,0.7857142295918408,125.0,5.279999999999999,6.72,0.0,3.84,6.72,6.72,call_e3f555297277,1,val
2.8836363636363633,1.9248956180779953,0.980000000000004,6.1000000000000005,1.6600000000000001,11.0,0.6675234696122252,0.03507763082231167,0.0,0.0,0.0,0.0,0.0,0.0,0.0,5.0,1.5261538461538449,0.5614478325179046,1.0399999999999991,3.0799999999999983,1.2800000000000002,13.0,2.6753846153846155,1.887499833457417,0.740000000000002,6.74,1.66,13.0,13.0,13.0,0.9999999230769291,118.0,6.610169491525424,6.610169491525424,0.0,2.5423728813559325,6.610169491525424,5.593220338983051,call_e4d9c2e0947a,0,train
1.6450000000000002,1.3160832040566435,0.10000000000000142,5.68,1.4300000000000033,12.0,0.8000500936210029,0.1311111111111112,1.0,1.8599999999999994,0.0,1.8599999999999994,1.8599999999999994,1.8599999999999994,1.0,6.0,2.0387500000000003,1.269654849752484,1.019999999999996,6.480000000000004,1.6699999999999982,16.0,1.8,1.5219986859389856,0.3200000000000003,5.059999999999995,1.06,15.0,15.0,19.0,0.7894736426592819,125.0,7.199999999999999,9.12,0.48,2.88,7.68,5.76,call_e58669998b76,0,val
2.4653333333333327,2.2617098743109305,0.19999999999998863,7.859999999999999,1.1999999999999957,15.0,0.9174049311408868,0.22222222222222177,1.0,0.3200000000000074,0.0,0.3200000000000074,0.3200000000000074,0.3200000000000074,1.0,5.0,2.5962500000000004,1.581079042141789,1.0800000000000054,6.099999999999994,2.0200000000000014,16.0,1.6830000000000005,1.7139810384015344,0.20000000000000107,5.980000000000004,0.7800000000000006,20.0,20.0,16.0,1.2499999218750049,133.0,9.022556390977444,7.2180451127819545,0.45112781954887216,2.255639097744361,7.2180451127819545,6.7669172932330826,call_e618b7b1fa5b,0,train
4.116,1.885116442026859,2.4799999999999898,9.06,3.4300000000000033,10.0,0.45799708066807054,0.0,0.0,0.0,0.0,0.0,0.0,0.0,0.0,8.0,2.480000000000001,1.019385435773273,1.3800000000000097,4.700000000000001,2.4799999999999898,15.0,4.344999999999998,2.573494705648331,0.38000000000000966,7.679999999999998,4.980000000000004,8.0,8.0,17.0,0.47058820761245834,154.0,3.1168831168831166,6.623376623376623,0.0,3.1168831168831166,5.844155844155844,3.8961038961038956,call_e697765a4dfd,1,train
3.1117647058823517,2.6588193649108454,0.7400000000000091,9.5,1.8799999999999955,17.0,0.854440731152967,0.10934489402697603,4.0,0.6450000000000014,0.3636963018783645,0.10000000000000142,1.039999999999992,0.720000000000006,4.0,11.0,1.8777777777777769,0.7813631646435152,1.0399999999999991,3.759999999999998,1.6099999999999999,18.0,1.9771428571428569,1.9837269946027463,0.21999999999999886,7.260000000000005,1.1600000000000001,21.0,21.0,20.0,1.0499999475000026,154.0,8.181818181818182,7.792207792207791,1.5584415584415583,4.285714285714286,7.012987012987012,6.623376623376623,call_e69e8ba551e4,0,train
3.7633333333333336,2.6319046757476263,0.22000000000000597,9.299999999999997,2.770000000000003,12.0,0.6993544667120883,0.03397683397683367,1.0,0.6399999999999935,0.0,0.6399999999999935,0.6399999999999935,0.6399999999999935,1.0,7.0,2.0371428571428583,0.8409469880644641,1.2600000000000051,4.400000000000002,1.8900000000000006,14.0,2.8777777777777773,2.1829530344506467,0.23999999999999844,6.440000000000001,2.280000000000001,9.0,9.0,16.0,0.5624999648437522,119.0,4.53781512605042,8.067226890756302,0.5042016806722689,3.5294117647058822,7.0588235294117645,6.050420168067227,call_e6c59d28e6d7,1,train
2.637000000000003,2.128711112387023,0.3200000000000003,7.560000000000002,1.6999999999999993,20.0,0.8072469871596637,0.0999248685199097,2.0,0.2199999999999953,0.0400000000000027,0.1799999999999926,0.259999999999998,0.2199999999999953,2.0,8.0,2.1788235294117664,1.4124566931536715,1.0400000000000063,6.420000000000002,1.6400000000000006,17.0,1.267619047619046,1.3257375476886346,0.21999999999999886,4.219999999999999,0.5599999999999881,21.0,21.0,23.0,0.9130434385633287,143.0,8.811188811188812,9.65034965034965,0.8391608391608392,3.3566433566433567,7.132867132867133,8.391608391608392,call_e9bd33cdb226,0,val
2.4600000000000004,2.211108319372888,0.46000000000000796,8.239999999999995,1.5700000000000003,20.0,0.8988241546946069,0.25604626708727635,3.0,1.8200000000000003,2.170529889220604,0.0799999999999983,4.880000000000003,0.5,3.0,9.0,2.5700000000000007,1.6823117211957852,1.019999999999996,7.780000000000001,1.839999999999999,22.0,1.6539130434782603,1.78329869996816,0.21999999999999886,6.0,0.86,23.0,23.0,20.0,1.149999942500003,145.0,9.517241379310345,8.275862068965518,1.2413793103448276,3.724137931034483,9.10344827586207,8.275862068965518,call_eb1c9a5a2c08,0,train
4.044285714285716,1.629341296728372,0.7999999999999989,7.900000000000006,3.67,14.0,0.4028748236303367,0.0306291390728479,1.0,0.8000000000000007,0.0,0.8000000000000007,0.8000000000000007,0.8000000000000007,1.0,8.0,2.8200000000000003,0.8856768764124793,1.3000000000000114,4.199999999999996,3.160000000000001,17.0,1.5100000000000005,0.7042016756583312,0.2600000000000051,2.6000000000000014,1.3499999999999996,16.0,16.0,18.0,0.8888888395061756,148.0,6.486486486486486,7.297297297297297,0.4054054054054054,3.243243243243243,6.891891891891891,5.675675675675675,call_ec545493459e,1,train
2.897142857142859,2.6473475366093964,0.720000000000006,9.079999999999998,1.4300000000000006,14.0,0.9137784201093107,0.07234042553191458,1.0,0.9199999999999982,0.0,0.9199999999999982,0.9199999999999982,0.9199999999999982,1.0,6.0,1.9471428571428595,0.9396840545890844,1.0799999999999983,4.400000000000006,1.5500000000000043,14.0,2.056249999999998,2.201785851871159,0.3200000000000003,8.120000000000005,0.9999999999999947,16.0,16.0,17.0,0.9411764152249167,134.0,7.164179104477612,7.611940298507463,0.44776119402985076,2.6865671641791042,6.26865671641791,6.26865671641791,call_ec58505fc522,0,train
2.008,0.9137702118147647,0.6000000000000001,3.46,2.0799999999999983,5.0,0.4550646198954904,0.07871485943775101,0.0,0.0,0.0,0.0,0.0,0.0,0.0,7.0,4.2325,3.281660212453447,1.2800000000000011,12.200000000000003,3.76,8.0,1.6599999999999997,1.7379528186921533,0.2999999999999998,6.920000000000002,1.1400000000000006,15.0,15.0,5.0,2.99999940000012,79.0,11.39240506329114,3.79746835443038,0.0,5.3164556962025316,6.075949367088608,3.79746835443038,call_ed020e30c242,1,train
2.5085714285714285,2.388692181955652,0.19999999999999574,8.099999999999998,1.480000000000004,21.0,0.9522117658432349,0.1075829383886259,4.0,0.6850000000000023,0.3398161267509283,0.09999999999999432,0.9200000000000017,0.8600000000000065,4.0,7.0,1.937333333333334,0.6520477146821565,1.1600000000000108,3.5,1.6799999999999926,15.0,1.9181818181818182,1.7608253136310723,0.21999999999999886,8.299999999999997,1.3900000000000023,22.0,22.0,25.0,0.8799999648000014,156.0,8.461538461538462,9.615384615384615,1.5384615384615383,2.692307692307692,5.769230769230769,8.076923076923077,call_ed041799aed9,0,train
3.3133333333333317,2.076659711063794,1.8000000000000043,8.519999999999996,2.1999999999999886,15.0,0.6267582749413038,0.04646952323476188,0.0,0.0,0.0,0.0,0.0,0.0,0.0,8.0,2.1329411764705877,1.1715036326216282,1.3599999999999994,6.6399999999999935,1.8800000000000097,17.0,2.7616666666666685,2.5123091414517877,0.35999999999999943,9.419999999999998,2.330000000000002,12.0,12.0,21.0,0.5714285442176883,160.0,4.5,7.875,0.0,3.0,6.375,5.625,call_ed99e3ea3f0e,1,train
3.0917241379310347,1.9224877363234125,0.01999999999999602,8.879999999999999,2.460000000000001,29.0,0.6218171572683626,0.21630804077010193,4.0,3.4450000000000003,1.1412602682999147,1.6200000000000045,4.679999999999993,3.740000000000002,4.0,15.0,2.221935483870966,1.249953339399665,1.0800000000000018,7.0,1.7999999999999972,31.0,2.2075000000000014,2.6387927321662348,0.19999999999998863,11.36,1.059999999999988,24.0,24.0,32.0,0.7499999765625008,196.0,7.346938775510204,9.795918367346939,1.2244897959183674,4.591836734693878,9.489795918367347,8.877551020408163,call_ee227bc9d7ac,0,train
4.9070588235294155,2.1219961875717845,1.3800000000000239,8.780000000000001,4.02,17.0,0.4324373991522959,0.027429102742910164,1.0,6.440000000000001,0.0,6.440000000000001,6.440000000000001,6.440000000000001,1.0,9.0,3.186,1.6097217150799694,1.3800000000000239,7.8199999999999985,3.1599999999999966,20.0,3.0728571428571407,2.4145583108996753,0.480000000000004,8.5,2.559999999999995,14.0,14.0,21.0,0.6666666349206364,184.0,4.565217391304348,6.8478260869565215,0.32608695652173914,2.934782608695652,6.521739130434782,5.5434782608695645,call_eed2c7389776,1,val
3.108571428571431,2.7464232769779935,0.3600000000000012,9.600000000000009,1.950000000000001,14.0,0.8834998508431517,0.07351891506067104,1.0,0.7200000000000006,0.0,0.7200000000000006,0.7200000000000006,0.7200000000000006,1.0,5.0,2.5092307692307716,1.855778756452236,1.0400000000000063,6.9799999999999995,1.6600000000000108,13.0,2.00142857142857,1.855932022857893,0.21999999999999997,6.280000000000001,1.33,14.0,14.0,18.0,0.7777777345679036,127.0,6.6141732283464565,8.503937007874015,0.47244094488188976,2.3622047244094486,6.141732283464567,6.6141732283464565,call_f003741555a1,0,train
3.2899999999999996,2.3016081334579956,1.6200000000000045,9.459999999999994,2.200000000000001,16.0,0.6995767276234858,0.09459459459459464,0.0,0.0,0.0,0.0,0.0,0.0,0.0,7.0,1.7099999999999984,0.5987486951969075,1.0999999999999943,3.8799999999999955,1.6300000000000008,16.0,1.828235294117649,1.212232919252332,0.20000000000000284,5.6,1.3200000000000074,17.0,17.0,20.0,0.8499999575000021,128.0,7.96875,9.375,0.0,3.28125,7.5,7.5,call_f0ad1cf1aa6a,1,train
3.0377777777777806,1.9740188999307857,0.4000000000000057,8.160000000000004,2.410000000000011,18.0,0.6498231254926454,0.13613101330603863,0.0,0.0,0.0,0.0,0.0,0.0,0.0,23.0,3.6418750000000024,3.409785034921557,1.0200000000000031,15.599999999999994,2.5,32.0,1.0467857142857124,0.9210264211016679,0.19999999999998863,4.960000000000001,0.7499999999999964,56.0,56.0,19.0,2.947368265927986,241.0,13.941908713692946,4.730290456431535,0.0,5.726141078838174,7.966804979253112,4.481327800829876,call_f1372119b403,1,train
2.554545454545451,2.17627021900216,0.7199999999999989,7.039999999999992,1.3399999999999892,11.0,0.8519203928078104,0.08377659574468048,0.0,0.0,0.0,0.0,0.0,0.0,0.0,5.0,1.7185714285714266,0.7553415229725775,1.0999999999999943,3.5,1.319999999999986,14.0,2.148571428571428,1.5986014295665587,0.29999999999998295,6.479999999999997,2.129999999999999,14.0,14.0,17.0,0.8235293633218022,134.0,6.26865671641791,7.611940298507463,0.0,2.2388059701492535,6.26865671641791,4.925373134328358,call_f1b82a4a46f6,0,val
1.7419999999999962,1.9130697844041127,0.01999999999998181,8.11999999999999,1.079999999999996,20.0,1.0982024605061174,0.20757575757575739,4.0,0.6799999999999979,0.07348469228349377,0.6199999999999974,0.7999999999999972,0.6499999999999986,4.0,8.0,1.8076923076923066,0.8865677452196792,1.1599999999999966,4.579999999999998,1.480000000000004,13.0,1.7600000000000018,2.2698604949790777,0.20000000000000284,11.599999999999994,1.1700000000000017,30.0,30.0,22.0,1.3636363016528954,146.0,12.328767123287673,9.04109589041096,1.6438356164383563,3.2876712328767126,5.342465753424658,8.219178082191782,call_f202d4ff9f96,0,train
2.688333333333335,1.6397044110313168,0.14000000000000057,6.020000000000003,2.140000000000004,12.0,0.6099332180154114,0.008206811653672666,0.0,0.0,0.0,0.0,0.0,0.0,0.0,7.0,2.0585714285714283,0.4182592692655235,1.5,2.9399999999999977,1.9699999999999975,14.0,4.430909090909091,4.234442014428078,0.4399999999999977,14.299999999999997,3.780000000000001,11.0,11.0,18.0,0.6111110771604957,149.0,4.429530201342282,7.248322147651007,0.0,2.8187919463087248,5.6375838926174495,4.832214765100671,call_f23bfe7d0e9e,1,train
3.6422222222222222,2.4949806402178214,0.28000000000000114,8.520000000000001,3.320000000000004,9.0,0.6850158510316575,0.11111111111111134,3.0,1.0933333333333326,0.4817560470703941,0.4199999999999946,1.5199999999999996,1.3400000000000034,3.0,5.0,2.426,1.1954597441988586,1.3599999999999994,4.939999999999998,1.8399999999999999,10.0,1.3199999999999985,1.0131798129322027,0.29999999999999716,3.6400000000000006,0.8999999999999977,18.0,18.0,14.0,1.2857141938775576,87.0,12.413793103448276,9.655172413793103,2.0689655172413794,3.4482758620689657,6.8965517241379315,6.206896551724138,call_f27db4ab1f5a,1,train
4.030588235294117,2.3455300933232834,1.6799999999999997,9.100000000000009,2.999999999999999,17.0,0.5819323072627933,0.11204663212435302,0.0,0.0,0.0,0.0,0.0,0.0,0.0,5.0,1.964615384615387,0.5597336644761767,1.2200000000000024,3.219999999999999,1.779999999999994,13.0,2.573333333333334,3.4061154152820814,0.28000000000000114,12.12,1.0499999999999972,12.0,12.0,21.0,0.5714285442176883,116.0,6.206896551724138,10.862068965517242,0.0,2.586206896551724,6.724137931034483,8.793103448275861,call_f2ab1c408b36,1,train
2.997647058823529,2.629290956561494,0.8799999999999955,9.079999999999998,1.5399999999999991,17.0,0.8771179621377561,0.09960159362549828,1.0,0.060000000000002274,0.0,0.060000000000002274,0.060000000000002274,0.060000000000002274,1.0,12.0,1.6466666666666665,0.7472765366463896,1.019999999999996,4.3999999999999995,1.4600000000000009,24.0,1.5687499999999996,1.2231919054261267,0.20000000000000284,3.6799999999999997,1.0899999999999994,16.0,16.0,19.0,0.8421052188365674,127.0,7.559055118110236,8.976377952755906,0.47244094488188976,5.669291338582677,11.338582677165354,8.031496062992126,call_f331303c4fb8,0,train
5.902500000000002,2.4024349626993033,2.980000000000004,9.960000000000008,4.859999999999996,16.0,0.4070198315424771,0.0,0.0,0.0,0.0,0.0,0.0,0.0,0.0,8.0,2.6585714285714284,1.006449609432353,1.0799999999999983,4.0,2.6700000000000017,14.0,1.091428571428572,0.5391376334064439,0.240000000000002,2.239999999999995,1.1900000000000013,14.0,14.0,18.0,0.7777777345679036,132.0,6.363636363636363,8.181818181818182,0.0,3.6363636363636362,6.363636363636363,7.2727272727272725,call_f5251fb3b1d9,1,train
3.4560000000000004,2.2359660104751145,0.7999999999999972,9.200000000000003,2.5700000000000083,20.0,0.6469807186037024,0.14948453608247408,5.0,1.3719999999999986,0.5274239281640528,0.6400000000000006,2.1199999999999974,1.2999999999999972,5.0,11.0,2.1952380952380963,0.7662873950953936,1.3799999999999955,4.5,2.0799999999999983,21.0,2.282352941176472,1.1788704933699905,0.38000000000000966,5.200000000000003,2.1199999999999974,17.0,17.0,29.0,0.5862068763376939,180.0,5.666666666666667,9.666666666666666,1.6666666666666667,3.6666666666666665,7.0,6.666666666666667,call_f68d3459fdc7,1,train
3.416842105263158,1.7021752418645437,0.480000000000004,8.379999999999995,2.799999999999997,19.0,0.49817190588663146,0.059756742464304395,0.0,0.0,0.0,0.0,0.0,0.0,0.0,8.0,2.3344444444444443,0.6836440124819839,1.2000000000000028,3.799999999999997,2.2499999999999987,18.0,2.521333333333332,2.3207178965905264,0.21999999999999886,8.64,1.759999999999998,15.0,15.0,21.0,0.7142856802721105,159.0,5.660377358490567,7.9245283018867925,0.0,3.018867924528302,6.7924528301886795,7.169811320754717,call_f6ce5de7ac09,1,val
2.917500000000001,1.41927578363051,1.8400000000000007,6.220000000000001,2.2100000000000026,8.0,0.48646968197457674,0.01585365853658525,2.0,2.4299999999999997,1.0700000000000003,1.3599999999999994,3.5,2.4299999999999997,2.0,7.0,2.3920000000000012,0.6176212431579718,1.8400000000000007,4.159999999999997,2.16,10.0,2.3428571428571416,2.1007462231020564,0.28000000000000114,8.66,1.9899999999999949,14.0,14.0,8.0,1.7499997812500274,104.0,8.076923076923077,4.615384615384615,1.1538461538461537,4.038461538461538,5.769230769230769,4.615384615384615,call_f9fbabf70f7e,1,val
3.3528571428571445,2.693957334934795,0.7800000000000011,7.980000000000004,1.5500000000000025,14.0,0.8034808572721583,0.01377199693955635,0.0,0.0,0.0,0.0,0.0,0.0,0.0,7.0,1.9212500000000001,1.3040411947097377,1.1000000000000085,6.5,1.3999999999999986,16.0,2.9044444444444446,2.267975656890284,0.360000000000003,6.920000000000002,2.5799999999999983,9.0,9.0,17.0,0.5294117335640156,125.0,4.319999999999999,8.16,0.0,3.36,7.68,6.72,call_fa26d1186721,0,val
2.620833333333332,2.7394919186269235,0.07999999999998408,9.379999999999995,1.3300000000000125,24.0,1.0452747370501194,0.06890641069592071,2.0,1.25,0.13000000000000256,1.1199999999999974,1.3800000000000026,1.25,2.0,6.0,1.7066666666666674,0.5488458308411812,1.019999999999996,3.180000000000007,1.5999999999999943,21.0,2.430833333333335,2.357003600383803,0.2600000000000051,10.419999999999987,1.5100000000000016,24.0,24.0,27.0,0.8888888559670793,209.0,6.889952153110047,7.751196172248804,0.5741626794258373,1.7224880382775118,6.028708133971292,6.889952153110047,call_fa4d7f2897f4,0,train
2.9472727272727286,1.8569040260561347,1.5,8.580000000000013,2.4399999999999977,11.0,0.6300412509612495,0.03541147132169558,4.0,4.675000000000001,3.4779412013431172,1.3999999999999986,10.180000000000001,3.5600000000000023,4.0,9.0,3.060000000000002,2.3730992393913914,1.3599999999999994,10.099999999999998,2.2200000000000046,14.0,2.8642857142857143,2.704918045459615,0.6200000000000045,10.98,2.1599999999999966,14.0,14.0,20.0,0.6999999650000017,141.0,5.957446808510638,8.51063829787234,1.702127659574468,3.829787234042553,5.957446808510638,4.680851063829787,call_fa9e18dd83dd,1,val
1.9958333333333336,1.5683003450303221,0.1599999999999966,7.5,1.450000000000001,24.0,0.7857868355290956,0.35062829347385543,2.0,0.3500000000000085,0.20999999999999375,0.14000000000001478,0.5600000000000023,0.3500000000000085,2.0,18.0,2.175999999999997,1.230548929001473,1.0999999999999943,6.739999999999998,1.6300000000000026,30.0,1.147441860465119,1.3998672578652054,0.21999999999999886,6.0800000000000125,0.5199999999999818,43.0,43.0,26.0,1.6538460902366887,178.0,14.494382022471909,8.764044943820224,0.6741573033707865,6.067415730337078,10.112359550561797,8.089887640449438,call_fb1405943fed,0,val
5.496363636363639,1.9627590632820577,3.0400000000000063,9.86,4.829999999999998,22.0,0.35710131935144085,0.07498463429625091,4.0,1.2349999999999977,0.7604439492822582,0.21999999999999886,2.1599999999999966,1.2799999999999976,4.0,10.0,3.0650000000000004,1.2428012713221692,1.1599999999999966,5.079999999999984,3.180000000000007,20.0,2.0337500000000004,1.5373633069317092,0.46000000000000796,6.68,1.379999999999999,16.0,16.0,37.0,0.4324324207450697,193.0,4.974093264248705,11.50259067357513,1.2435233160621761,3.1088082901554404,6.217616580310881,6.839378238341968,call_fc8bda4b3374,1,val
3.5800000000000005,3.1538638434239927,0.6999999999999957,9.860000000000014,1.6200000000000045,21.0,0.8809673079487945,0.07075649228453179,1.0,1.2000000000000002,0.0,1.2000000000000002,1.2000000000000002,1.2000000000000002,1.0,5.0,1.9023529411764712,0.7936181435586426,1.1599999999999966,4.180000000000007,1.620000000000001,17.0,3.125882352941177,2.184078911587565,0.26000000000000156,8.120000000000005,2.2800000000000002,17.0,17.0,26.0,0.6538461286982258,185.0,5.513513513513513,8.432432432432432,0.3243243243243243,1.6216216216216215,5.513513513513513,6.8108108108108105,call_fce92bad5095,0,train
4.191111111111113,1.6377250104570504,1.8999999999999986,6.959999999999999,4.340000000000003,9.0,0.3907614416028758,0.03284416491963693,1.0,9.379999999999999,0.0,9.379999999999999,9.379999999999999,9.379999999999999,1.0,6.0,4.025333333333337,3.1439462817011075,1.5799999999999983,12.620000000000005,2.619999999999999,15.0,4.088571428571426,3.7558465987669654,0.37999999999999545,11.899999999999999,2.4199999999999875,7.0,7.0,18.0,0.3888888672839518,153.0,2.7450980392156863,7.058823529411765,0.3921568627450981,2.3529411764705883,5.882352941176471,3.5294117647058827,call_fdc3a7dac09f,1,train
4.250000000000001,1.9445222206667307,2.4399999999999977,9.0,3.5300000000000047,12.0,0.45753453250169357,0.02810902896081828,3.0,4.053333333333343,4.532735254665646,0.10000000000002274,10.400000000000002,1.6600000000000037,3.0,8.0,3.076666666666667,1.9831764643845717,1.4399999999999977,10.299999999999999,2.7399999999999913,18.0,5.031428571428576,6.815996790264644,0.4000000000000057,27.58,2.5799999999999983,14.0,14.0,16.0,0.8749999453125034,167.0,5.02994011976048,5.748502994011976,1.0778443113772456,2.874251497005988,6.467065868263473,4.311377245508982,call_fdc44f969ade,1,train
3.4728571428571433,2.5210157492890164,1.7199999999999989,8.86,1.9200000000000088,14.0,0.7259195871487455,0.03467000835421881,0.0,0.0,0.0,0.0,0.0,0.0,0.0,8.0,1.8399999999999983,0.4717427015551879,1.1799999999999997,2.9000000000000004,1.7800000000000011,17.0,3.9899999999999998,3.2265513064777593,0.4200000000000017,12.64,4.18,12.0,12.0,16.0,0.7499999531250029,142.0,5.070422535211268,6.76056338028169,0.0,3.380281690140845,7.183098591549296,5.915492957746479,call_fe828697f60d,1,train
2.582666666666667,1.927566571843596,0.14000000000001478,6.0,2.1000000000000014,15.0,0.7463471188034887,0.18828654404646702,2.0,0.5600000000000023,0.2599999999999909,0.30000000000001137,0.8199999999999932,0.5600000000000023,2.0,25.0,3.301875,2.4595190555015,1.0999999999999943,13.299999999999999,2.320000000000004,32.0,1.147777777777778,0.9246534218923784,0.21999999999999886,4.220000000000001,0.8900000000000006,36.0,36.0,18.0,1.999999888888895,188.0,11.48936170212766,5.74468085106383,0.6382978723404256,7.9787234042553195,10.212765957446809,4.787234042553192,call_fe8e4fc3ef69,1,train
3.3305882352941207,2.0484842907069982,1.4799999999999995,8.580000000000013,2.1999999999999886,17.0,0.6150516157919722,0.0040050590219224205,1.0,1.7799999999999994,0.0,1.7799999999999994,1.7799999999999994,1.7799999999999994,1.0,11.0,1.8178947368421086,0.377799430878738,1.1599999999999966,2.6599999999999966,1.720000000000006,19.0,4.743999999999997,4.379710492715247,0.4000000000000057,17.900000000000006,3.469999999999998,20.0,20.0,18.0,1.1111110493827194,212.0,5.660377358490567,5.09433962264151,0.2830188679245283,3.1132075471698113,5.377358490566038,4.811320754716982,call_feaca5a8cd14,1,train
2.098,1.221489254967069,0.1599999999999966,5.020000000000003,2.030000000000001,10.0,0.5822157639424714,0.11251314405888546,3.0,1.8600000000000019,1.5063421479420487,0.5,3.960000000000001,1.1200000000000045,3.0,6.0,2.3107692307692314,1.3431676769056142,1.1599999999999966,5.740000000000002,1.8800000000000008,13.0,1.5849999999999993,1.564398180344974,0.30000000000000426,4.3799999999999955,0.7500000000000036,12.0,12.0,14.0,0.8571427959183717,76.0,9.473684210526317,11.052631578947368,2.368421052631579,4.736842105263158,10.263157894736842,7.894736842105264,call_ff4042587962,1,train
2.2812500000000027,2.3973784510377154,0.6800000000000002,9.14,0.9900000000000002,16.0,1.05090516170194,0.03859321506380284,1.0,1.0999999999999996,0.0,1.0999999999999996,1.0999999999999996,1.0999999999999996,1.0,3.0,1.936666666666662,1.129655798118269,1.0199999999999996,4.720000000000001,1.2799999999999887,12.0,4.016249999999999,4.196720259619409,0.41999999999999993,15.719999999999999,2.200000000000001,16.0,16.0,22.0,0.7272726942148775,160.0,6.0,8.25,0.375,1.125,4.5,6.0,call_fff8cae57de7,0,train
